Location,Month,Total_precip.
"Forks, WA",1,15.03
"Forks, WA",2,10.07
"Forks, WA",3,15.39
"Forks, WA",4,7.26
"Forks, WA",5,1.27
"Forks, WA",6,0.46
"Forks, WA",7,1.74
"Forks, WA",8,3.78
"Forks, WA",9,5.48
"Forks, WA",10,10.36
"Forks, WA",11,15.96
"Forks, WA",12,24.89
"Brooklyn, IN",1,1.57
"Brooklyn, IN",2,1.15
"Brooklyn, IN",3,4.39
"Brooklyn, IN",4,6.41
"Brooklyn, IN",5,2.74
"Brooklyn, IN",6,7.93
"Brooklyn, IN",7,12.62
"Brooklyn, IN",8,2.36
"Brooklyn, IN",9,1.18
"Brooklyn, IN",10,2.51
"Brooklyn, IN",11,3.61
"Brooklyn, IN",12,5.12
"Chalender, AZ",1,2.3
"Chalender, AZ",2,0.89
"Chalender, AZ",3,2.3
"Chalender, AZ",4,0.7
"Chalender, AZ",5,2.2
"Chalender, AZ",6,0.59
"Chalender, AZ",7,1.19
"Chalender, AZ",8,2.59
"Chalender, AZ",9,0.3
"Chalender, AZ",10,2.3
"Chalender, AZ",11,1.9
"Chalender, AZ",12,1
"Abercrombie, ND",1,0.7
"Abercrombie, ND",2,0.39
"Abercrombie, ND",3,0.73
"Abercrombie, ND",4,0.44
"Abercrombie, ND",5,7.14
"Abercrombie, ND",6,3.41
"Abercrombie, ND",7,3.2
"Abercrombie, ND",8,2.65
"Abercrombie, ND",9,1.88
"Abercrombie, ND",10,1.53
"Abercrombie, ND",11,0.97
"Abercrombie, ND",12,2.1
"Alma Bacon, GA",1,2.21
"Alma Bacon, GA",2,3.62
"Alma Bacon, GA",3,2.51
"Alma Bacon, GA",4,3.65
"Alma Bacon, GA",5,1.28
"Alma Bacon, GA",6,5.41
"Alma Bacon, GA",7,5.48
"Alma Bacon, GA",8,4.65
"Alma Bacon, GA",9,5.02
"Alma Bacon, GA",10,3.26
"Alma Bacon, GA",11,2.55
"Alma Bacon, GA",12,1.97
"Academy, NE",1,0.15
"Academy, NE",2,0.19
"Academy, NE",3,0.12
"Academy, NE",4,0.72
"Academy, NE",5,4.91
"Academy, NE",6,2.21
"Academy, NE",7,6.02
"Academy, NE",8,4.97
"Academy, NE",9,2.98
"Academy, NE",10,1.06
"Academy, NE",11,1.99
"Academy, NE",12,0.9
"Belt, MT",1,0.54
"Belt, MT",2,0.32
"Belt, MT",3,0.13
"Belt, MT",4,0.73
"Belt, MT",5,3.89
"Belt, MT",6,0.57
"Belt, MT",7,2.01
"Belt, MT",8,0.36
"Belt, MT",9,1.82
"Belt, MT",10,1.35
"Belt, MT",11,0.74
"Belt, MT",12,0.7
"Ackerman, MS",1,0.9
"Ackerman, MS",2,0
"Ackerman, MS",3,1.99
"Ackerman, MS",4,3.76
"Ackerman, MS",5,2.69
"Ackerman, MS",6,2.93
"Ackerman, MS",7,1.63
"Ackerman, MS",8,0
"Ackerman, MS",9,0
"Ackerman, MS",10,0.92
"Ackerman, MS",11,3.42
"Ackerman, MS",12,3.23
"Apalachicola, FL",1,4.94
"Apalachicola, FL",2,4.52
"Apalachicola, FL",3,1.41
"Apalachicola, FL",4,3.7
"Apalachicola, FL",5,0
"Apalachicola, FL",6,6.89
"Apalachicola, FL",7,5.33
"Apalachicola, FL",8,4.68
"Apalachicola, FL",9,3.69
"Apalachicola, FL",10,1.88
"Apalachicola, FL",11,14.39
"Apalachicola, FL",12,4.82
"Acton Ranch, TX",1,1.48
"Acton Ranch, TX",2,0.35
"Acton Ranch, TX",3,3.47
"Acton Ranch, TX",4,0.8
"Acton Ranch, TX",5,4.11
"Acton Ranch, TX",6,3.51
"Acton Ranch, TX",7,1.01
"Acton Ranch, TX",8,1.04
"Acton Ranch, TX",9,0.37
"Acton Ranch, TX",10,6.03
"Acton Ranch, TX",11,1.08
"Acton Ranch, TX",12,1.24
