Location,Month,Total_precip.
"Forks, WA",1,15.03
"Forks, WA",2,10.07
"Forks, WA",3,15.39
"Forks, Wa.",4,7.26
"Forks, Wa.",5,1.27
"Forks, WA",6,0.46
"Forks, WA",7,1.74
"Forks, WA",8,3.78
"Forks, WA",9,5.48
"Forks, Washington",10,10.36
"Forks, Washington",11,15.96
"Forks, Washington",12,24.89
"Brooklyn, IN",1,1.57
"Brooklyn, IN",2,1.15
"Brooklyn, IN",3,4.39
"Brooklyn, Ind.",4,6.41
"Brooklyn, IN",5,2.74
"Brooklyn, IN",6,7.93
"Brooklyn, Ind.",7,12.62
"Brooklyn, IN",8,2.36
"[Brooklyn, IN]",9,1.18
"Brooklyn, IN",10,2.51
"Brooklyn, IND",11,3.61
"Brooklyn, IN",12,5.12
Chalender AZ,1,2.3
Chalender AZ,2,0.89
Chalender AZ,3,2.3
Chalender AZ,4,0.7
Chalender AZ,5,2.2
"Chalender AZ, USA",6,0.59
Chalender AZ,7,1.19
Chalender AZ,8,2.59
Chalender AZ,9,0.3
Chalender AZ,10,2.3
Chalender AZ,11,1.9
Chalender Arizona,12,1
"ABERCROMBIE, ND US",1,0.7
"ABERCROMBIE, ND",2,0.39
"ABERCROMBIE, ND",3,0.73
"ABERCROMBIE, ND",4,0.44
"ABERCROMBIE, ND",5,7.14
"ABERCROMBIE, ND",6,3.41
"ABERCROMBIE, ND",7,3.2
"ABERCROMBIE, North Dakota",8,2.65
"ABERCROMBIE, North D.",9,1.88
"ABERCROMBIE, ND",10,1.53
"ABERCROMBIE, ND",11,0.97
"ABERCROMBIE, Nd.",12,2.1
"ALMA BACON CO, GA",1,2.21
"Alama Bacon, GA US",2,3.62
"Alama Bacon, GA US",3,2.51
"Alam Bacon, GA US",4,3.65
"Alama Bacon, GA",5,1.28
"Alama Bacon, [GA]",6,5.41
"Alama Bacon, [GA]",7,5.48
"Alama Bacon, [GA]",8,4.65
"Alama Bacon, Ga.",9,5.02
"Alama Bacon, Georgia",10,3.26
"Alama Bacon, Georgia",11,2.55
"Alama Bacon, Georgia",12,1.97
ACADEMY 2 NE SD US,1,0.15
ACADEMY 2 NE SD US,2,0.19
ACADEMY 2 NE SD US,3,0.12
ACADEMY 2 NE SD US,4,0.72
ACADEMY 2 NE SD US,5,4.91
"Acadmey, NE",6,2.21
"Acadmey, NE",7,6.02
"Acadmey, NE",8,4.97
"ACADEMY, Nebraska",9,2.98
ACADEMY< NE,10,1.06
"ACADEMY, NE",11,1.99
"ACADEMY, NE",12,0.9
"BELT, MT USA",1,0.54
"BELT, MT USA",2,0.32
"BELT, MT USA",3,0.13
"Belt, Mont.",4,0.73
"Belt, Mont.",5,3.89
"Belt, Mont.",6,0.57
"Belt, MT",7,2.01
"Belt, MT",8,0.36
"Belt, MT",9,1.82
"Belt, MT",10,1.35
"Belt, MT",11,0.74
"Belt, MT",12,0.7
"Ackerman, MS",1,0.9
"Ackerman, MS",2,0
"Ackerman, MS",3,1.99
"Ackerman, MS",4,3.76
"Ackerman, MS",5,2.69
"Ackerman, MS",6,2.93
"Ackerman, MS",7,1.63
"Ackerman, MS",8,0
"Ackerman, MS",9,0
"Ackerman, MS",10,0.92
"Ackerman, MS",11,3.42
"Ackerman, MS",12,3.23
APALACHICOLA Florida,1,4.94
"Apalachicolo, FL",2,4.52
"Apalachicolo, FL",3,1.41
"Apalachicolo, FL",4,3.7
"APALACHICOLA, FL",5,0
"Apalachicola, FL",6,6.89
"Apalachicola, FL",7,5.33
"Apalachicola, FL",8,4.68
"Apalachicola, FL",9,3.69
"Apalachicola, FL",10,1.88
"Apalachicola, FL",11,14.39
"Apalachicola, FL",12,4.82
ACTON RANCH TX US,1,1.48
ACTON RANCH TX US,2,0.35
"Acton Ranch, TX",3,3.47
"Acton Ranch, TX",4,0.8
"Acton Ranch, TX",5,4.11
"Acton Ranch, TX",6,3.51
"Acton Ranch, TX",7,1.01
"Acton Ranch, TX",8,1.04
"Acton Ranch, TX",9,0.37
"Acton Ranch, TX",10,6.03
"Acton Ranch, TX",11,1.08
"Acton Ranch, TX",12,1.24
