label,id,type,color
Alan Franken,1, D,#0000FF
Amy Klobuchar,2, D,#0000FF
Barbara Boxer,4, D,#0000FF
Barbara Mikulski,5, D,#0000FF
Benjamin Cardin,6, D,#0000FF
Bill Nelson,8, D,#0000FF
Brian Schatz,10, D,#0000FF
Carl Levin,11, D,#0000FF
Charles Schumer,13, D,#0000FF
Chris Coons,14, D,#0000FF
Christopher Murphy,15, D,#0000FF
Claire McCaskill,16, D,#0000FF
Cory Booker,17, D,#0000FF
Debbie Stabenow,22, D,#0000FF
Dianne Feinstein,23, D,#0000FF
Edward Markey,24, D,#0000FF
Elizabeth Warren,25, D,#0000FF
Frank Lautenberg,26, D,#0000FF
Harry Reid,27, D,#0000FF
Heidi Heitkamp,28, D,#0000FF
Jeanne Shaheen,31, D,#0000FF
Jeff Merkley,33, D,#0000FF
Joe Donnelly,37, D,#0000FF
Joe Manchin III,38, D,#0000FF
John Kerry,44, D,#0000FF
John Reed,46, D,#0000FF
John Rockefeller IV,47, D,#0000FF
John Walsh,49, D,#0000FF
Jon Tester,50, D,#0000FF
Kay Hagan,51, D,#0000FF
Kirsten Gillibrand,53, D,#0000FF
Maria Cantwell,58, D,#0000FF
Mark Begich,59, D,#0000FF
Mark Pryor,61, D,#0000FF
Mark Udall,62, D,#0000FF
Mark Warner,63, D,#0000FF
Martin Heinrich,64, D,#0000FF
Mary Landrieu,65, D,#0000FF
Max Baucus,66, D,#0000FF
Mazie Hirono,67, D,#0000FF
Michael Bennet,68, D,#0000FF
Patrick Leahy,76, D,#0000FF
Patty Murray,78, D,#0000FF
Richard Blumenthal,80, D,#0000FF
Richard Durbin,82, D,#0000FF
Robert Casey Jr.,84, D,#0000FF
Robert Menendez,85, D,#0000FF
Ron Wyden,89, D,#0000FF
Sheldon Whitehouse,92, D,#0000FF
Sherrod Brown,93, D,#0000FF
Tammy Baldwin,95, D,#0000FF
Thomas Carper,98, D,#0000FF
Thomas Harkin,100, D,#0000FF
Tim Johnson,101, D,#0000FF
Timothy Kaine,103, D,#0000FF
Tom Udall,104, D,#0000FF
William Cowan,105, D,#0000FF
Angus King,3, I,#7F00FF
Bernard Sanders,7, I,#7F00FF
Bob Corker,9, R,#FF0000
Charles Grassley,12, R,#FF0000
Daniel Coats,18, R,#FF0000
David Vitter,19, R,#FF0000
Dean Heller,20, R,#FF0000
Deb Fischer,21, R,#FF0000
James Inhofe,29, R,#FF0000
James Risch,30, R,#FF0000
Jeff Flake,32, R,#FF0000
Jefferson Sessions,34, R,#FF0000
Jeffrey Chiesa,35, R,#FF0000
Jerry Moran,36, R,#FF0000
John Barrasso,39, R,#FF0000
John Boozman,40, R,#FF0000
John Cornyn,41, R,#FF0000
John Hoeven,42, R,#FF0000
John Isakson,43, R,#FF0000
John McCain,45, R,#FF0000
John Thune,48, R,#FF0000
Kelly Ayotte,52, R,#FF0000
Lamar Alexander,54, R,#FF0000
Lindsey Graham,55, R,#FF0000
Lisa Murkowski,56, R,#FF0000
Marco Rubio,57, R,#FF0000
Mark Kirk,60, R,#FF0000
Michael Crapo,69, R,#FF0000
Michael Enzi,70, R,#FF0000
Mike Johanns,71, R,#FF0000
Mike Lee,72, R,#FF0000
Mitch McConnell,73, R,#FF0000
Orrin Hatch,74, R,#FF0000
Pat Roberts,75, R,#FF0000
Patrick Toomey,77, R,#FF0000
Rand Paul,79, R,#FF0000
Richard Burr,81, R,#FF0000
Richard Shelby,83, R,#FF0000
Robert Portman,86, R,#FF0000
Roger Wicker,87, R,#FF0000
Ron Johnson,88, R,#FF0000
Roy Blunt,90, R,#FF0000
Saxby Chambliss,91, R,#FF0000
Susan Collins,94, R,#FF0000
Ted Cruz,96, R,#FF0000
Thad Cochran,97, R,#FF0000
Thomas Coburn,99, R,#FF0000
Tim Scott,102, R,#FF0000
S. 815,106,L,#C0C0C0
H.R. 2775,107,L,#C0C0C0
H.R. 527,108,L,#C0C0C0
H.R. 1911,109,L,#C0C0C0
S. 744,110,L,#C0C0C0
S. 954,111,L,#C0C0C0
S. 601,112,L,#C0C0C0
S. 743,113,L,#C0C0C0
H.R. 933,114,L,#C0C0C0
S. 47,115,L,#C0C0C0
H.R. 325,116,L,#C0C0C0
H.R. 152,117,L,#C0C0C0
H.R. 5771,118,L,#C0C0C0
H.R. 5021,119,L,#C0C0C0
S. 2244,120,L,#C0C0C0
H.R. 803,121,L,#C0C0C0
H.R. 3230,122,L,#C0C0C0
H.R. 3979,123,L,#C0C0C0
H.R. 4302,124,L,#C0C0C0
H.R. 3370,125,L,#C0C0C0
S. 1086,126,L,#C0C0C0
S. 1917,127,L,#C0C0C0
S. 1926,128,L,#C0C0C0
