Senator,legislation
Max Baucus [D],S. 815
Barbara Boxer [D],S. 815
Maria Cantwell [D],S. 815
Thomas Carper [D],S. 815
Susan Collins [R],S. 815
Richard Durbin [D],S. 815
Dianne Feinstein [D],S. 815
Thomas Harkin [D],S. 815
Orrin Hatch [R],S. 815
Tim Johnson [D],S. 815
Mary Landrieu [D],S. 815
Patrick Leahy [D],S. 815
Carl Levin [D],S. 815
John McCain [R],S. 815
Barbara Mikulski [D],S. 815
Lisa Murkowski [R],S. 815
Patty Murray [D],S. 815
Bill Nelson [D],S. 815
Mark Pryor [D],S. 815
John Reed [D],S. 815
Harry Reid [D],S. 815
John Rockefeller IV [D],S. 815
Charles Schumer [D],S. 815
Debbie Stabenow [D],S. 815
Ron Wyden [D],S. 815
Tammy Baldwin [D],S. 815
Sherrod Brown [D],S. 815
Benjamin Cardin [D],S. 815
Jeff Flake [R],S. 815
Mark Kirk [R],S. 815
Edward Markey [D],S. 815
Robert Menendez [D],S. 815
Robert Portman [R],S. 815
Bernard Sanders [I],S. 815
Patrick Toomey [R],S. 815
Mark Udall [D],S. 815
Tom Udall [D],S. 815
Christopher Murphy [D],S. 815
Mazie Hirono [D],S. 815
Joe Donnelly [D],S. 815
Dean Heller [R],S. 815
Kirsten Gillibrand [D],S. 815
Amy Klobuchar [D],S. 815
Claire McCaskill [D],S. 815
Jon Tester [D],S. 815
Sheldon Whitehouse [D],S. 815
Martin Heinrich [D],S. 815
Mark Warner [D],S. 815
Jeanne Shaheen [D],S. 815
Kay Hagan [D],S. 815
Jeff Merkley [D],S. 815
Mark Begich [D],S. 815
Michael Bennet [D],S. 815
Alan Franken [D],S. 815
Chris Coons [D],S. 815
Joe Manchin III [D],S. 815
Richard Blumenthal [D],S. 815
Kelly Ayotte [R],S. 815
Brian Schatz [D],S. 815
Elizabeth Warren [D],S. 815
Angus King [I],S. 815
Heidi Heitkamp [D],S. 815
Timothy Kaine [D],S. 815
Cory Booker [D],S. 815
Lamar Alexander [R],H.R. 2775
Max Baucus [D],H.R. 2775
Barbara Boxer [D],H.R. 2775
Maria Cantwell [D],H.R. 2775
Thomas Carper [D],H.R. 2775
Saxby Chambliss [R],H.R. 2775
Thad Cochran [R],H.R. 2775
Susan Collins [R],H.R. 2775
Richard Durbin [D],H.R. 2775
Dianne Feinstein [D],H.R. 2775
Lindsey Graham [R],H.R. 2775
Thomas Harkin [D],H.R. 2775
Orrin Hatch [R],H.R. 2775
Tim Johnson [D],H.R. 2775
Mary Landrieu [D],H.R. 2775
Patrick Leahy [D],H.R. 2775
Carl Levin [D],H.R. 2775
John McCain [R],H.R. 2775
Mitch McConnell [R],H.R. 2775
Barbara Mikulski [D],H.R. 2775
Lisa Murkowski [R],H.R. 2775
Patty Murray [D],H.R. 2775
Bill Nelson [D],H.R. 2775
Mark Pryor [D],H.R. 2775
John Reed [D],H.R. 2775
Harry Reid [D],H.R. 2775
John Rockefeller IV [D],H.R. 2775
Charles Schumer [D],H.R. 2775
Debbie Stabenow [D],H.R. 2775
Ron Wyden [D],H.R. 2775
Tammy Baldwin [D],H.R. 2775
Roy Blunt [R],H.R. 2775
John Boozman [R],H.R. 2775
Sherrod Brown [D],H.R. 2775
Richard Burr [R],H.R. 2775
Benjamin Cardin [D],H.R. 2775
Jeff Flake [R],H.R. 2775
John Isakson [R],H.R. 2775
Mark Kirk [R],H.R. 2775
Edward Markey [D],H.R. 2775
Robert Menendez [D],H.R. 2775
Jerry Moran [R],H.R. 2775
Robert Portman [R],H.R. 2775
Bernard Sanders [I],H.R. 2775
Mark Udall [D],H.R. 2775
Tom Udall [D],H.R. 2775
Roger Wicker [R],H.R. 2775
John Thune [R],H.R. 2775
Daniel Coats [R],H.R. 2775
Christopher Murphy [D],H.R. 2775
Mazie Hirono [D],H.R. 2775
Joe Donnelly [D],H.R. 2775
Kirsten Gillibrand [D],H.R. 2775
Amy Klobuchar [D],H.R. 2775
Claire McCaskill [D],H.R. 2775
Jon Tester [D],H.R. 2775
Robert Casey Jr. [D],H.R. 2775
Sheldon Whitehouse [D],H.R. 2775
Bob Corker [R],H.R. 2775
John Barrasso [R],H.R. 2775
Martin Heinrich [D],H.R. 2775
Mike Johanns [R],H.R. 2775
Mark Warner [D],H.R. 2775
Jeanne Shaheen [D],H.R. 2775
Kay Hagan [D],H.R. 2775
Jeff Merkley [D],H.R. 2775
Mark Begich [D],H.R. 2775
Michael Bennet [D],H.R. 2775
Alan Franken [D],H.R. 2775
Chris Coons [D],H.R. 2775
Joe Manchin III [D],H.R. 2775
Richard Blumenthal [D],H.R. 2775
Kelly Ayotte [R],H.R. 2775
John Hoeven [R],H.R. 2775
Brian Schatz [D],H.R. 2775
Elizabeth Warren [D],H.R. 2775
Angus King [I],H.R. 2775
Heidi Heitkamp [D],H.R. 2775
Deb Fischer [R],H.R. 2775
Timothy Kaine [D],H.R. 2775
Jeffrey Chiesa [R],H.R. 2775
Lamar Alexander [R],H.R. 527
Max Baucus [D],H.R. 527
Barbara Boxer [D],H.R. 527
Maria Cantwell [D],H.R. 527
Thomas Carper [D],H.R. 527
Saxby Chambliss [R],H.R. 527
Thad Cochran [R],H.R. 527
Susan Collins [R],H.R. 527
John Cornyn [R],H.R. 527
Michael Crapo [R],H.R. 527
Richard Durbin [D],H.R. 527
Michael Enzi [R],H.R. 527
Dianne Feinstein [D],H.R. 527
Lindsey Graham [R],H.R. 527
Charles Grassley [R],H.R. 527
Thomas Harkin [D],H.R. 527
Orrin Hatch [R],H.R. 527
James Inhofe [R],H.R. 527
Tim Johnson [D],H.R. 527
Mary Landrieu [D],H.R. 527
Patrick Leahy [D],H.R. 527
Carl Levin [D],H.R. 527
John McCain [R],H.R. 527
Mitch McConnell [R],H.R. 527
Barbara Mikulski [D],H.R. 527
Lisa Murkowski [R],H.R. 527
Patty Murray [D],H.R. 527
Bill Nelson [D],H.R. 527
Mark Pryor [D],H.R. 527
John Reed [D],H.R. 527
Harry Reid [D],H.R. 527
Pat Roberts [R],H.R. 527
John Rockefeller IV [D],H.R. 527
Charles Schumer [D],H.R. 527
Richard Shelby [R],H.R. 527
Debbie Stabenow [D],H.R. 527
Ron Wyden [D],H.R. 527
Tammy Baldwin [D],H.R. 527
Roy Blunt [R],H.R. 527
John Boozman [R],H.R. 527
Sherrod Brown [D],H.R. 527
Richard Burr [R],H.R. 527
Benjamin Cardin [D],H.R. 527
Jeff Flake [R],H.R. 527
John Isakson [R],H.R. 527
Mark Kirk [R],H.R. 527
Edward Markey [D],H.R. 527
Robert Menendez [D],H.R. 527
Jerry Moran [R],H.R. 527
Robert Portman [R],H.R. 527
Bernard Sanders [I],H.R. 527
Patrick Toomey [R],H.R. 527
Mark Udall [D],H.R. 527
Tom Udall [D],H.R. 527
David Vitter [R],H.R. 527
Roger Wicker [R],H.R. 527
John Thune [R],H.R. 527
Thomas Coburn [R],H.R. 527
Daniel Coats [R],H.R. 527
Christopher Murphy [D],H.R. 527
Mazie Hirono [D],H.R. 527
Joe Donnelly [D],H.R. 527
Dean Heller [R],H.R. 527
Kirsten Gillibrand [D],H.R. 527
Amy Klobuchar [D],H.R. 527
Claire McCaskill [D],H.R. 527
Jon Tester [D],H.R. 527
Robert Casey Jr. [D],H.R. 527
Sheldon Whitehouse [D],H.R. 527
Bob Corker [R],H.R. 527
John Barrasso [R],H.R. 527
Martin Heinrich [D],H.R. 527
Mike Johanns [R],H.R. 527
Mark Warner [D],H.R. 527
James Risch [R],H.R. 527
Jeanne Shaheen [D],H.R. 527
Kay Hagan [D],H.R. 527
Jeff Merkley [D],H.R. 527
Mark Begich [D],H.R. 527
Michael Bennet [D],H.R. 527
Alan Franken [D],H.R. 527
Chris Coons [D],H.R. 527
Joe Manchin III [D],H.R. 527
Tim Scott [R],H.R. 527
Richard Blumenthal [D],H.R. 527
Rand Paul [R],H.R. 527
Kelly Ayotte [R],H.R. 527
John Hoeven [R],H.R. 527
Mike Lee [R],H.R. 527
Ron Johnson [R],H.R. 527
Brian Schatz [D],H.R. 527
Elizabeth Warren [D],H.R. 527
Angus King [I],H.R. 527
Heidi Heitkamp [D],H.R. 527
Deb Fischer [R],H.R. 527
Timothy Kaine [D],H.R. 527
Jeffrey Chiesa [R],H.R. 527
Lamar Alexander [R],H.R. 1911
Max Baucus [D],H.R. 1911
Maria Cantwell [D],H.R. 1911
Thomas Carper [D],H.R. 1911
Saxby Chambliss [R],H.R. 1911
Thad Cochran [R],H.R. 1911
Susan Collins [R],H.R. 1911
John Cornyn [R],H.R. 1911
Michael Crapo [R],H.R. 1911
Richard Durbin [D],H.R. 1911
Michael Enzi [R],H.R. 1911
Dianne Feinstein [D],H.R. 1911
Lindsey Graham [R],H.R. 1911
Charles Grassley [R],H.R. 1911
Thomas Harkin [D],H.R. 1911
Orrin Hatch [R],H.R. 1911
James Inhofe [R],H.R. 1911
Tim Johnson [D],H.R. 1911
Mary Landrieu [D],H.R. 1911
Carl Levin [D],H.R. 1911
John McCain [R],H.R. 1911
Mitch McConnell [R],H.R. 1911
Barbara Mikulski [D],H.R. 1911
Lisa Murkowski [R],H.R. 1911
Patty Murray [D],H.R. 1911
Bill Nelson [D],H.R. 1911
Mark Pryor [D],H.R. 1911
Harry Reid [D],H.R. 1911
Pat Roberts [R],H.R. 1911
John Rockefeller IV [D],H.R. 1911
Charles Schumer [D],H.R. 1911
Jefferson Sessions [R],H.R. 1911
Richard Shelby [R],H.R. 1911
Ron Wyden [D],H.R. 1911
Roy Blunt [R],H.R. 1911
John Boozman [R],H.R. 1911
Richard Burr [R],H.R. 1911
Jeff Flake [R],H.R. 1911
John Isakson [R],H.R. 1911
Mark Kirk [R],H.R. 1911
Jerry Moran [R],H.R. 1911
Robert Portman [R],H.R. 1911
Patrick Toomey [R],H.R. 1911
Mark Udall [D],H.R. 1911
David Vitter [R],H.R. 1911
Roger Wicker [R],H.R. 1911
John Thune [R],H.R. 1911
Thomas Coburn [R],H.R. 1911
Daniel Coats [R],H.R. 1911
Joe Donnelly [D],H.R. 1911
Dean Heller [R],H.R. 1911
Amy Klobuchar [D],H.R. 1911
Jon Tester [D],H.R. 1911
Robert Casey Jr. [D],H.R. 1911
Bob Corker [R],H.R. 1911
John Barrasso [R],H.R. 1911
Martin Heinrich [D],H.R. 1911
Mike Johanns [R],H.R. 1911
Mark Warner [D],H.R. 1911
James Risch [R],H.R. 1911
Jeanne Shaheen [D],H.R. 1911
Kay Hagan [D],H.R. 1911
Jeff Merkley [D],H.R. 1911
Mark Begich [D],H.R. 1911
Michael Bennet [D],H.R. 1911
Alan Franken [D],H.R. 1911
Chris Coons [D],H.R. 1911
Joe Manchin III [D],H.R. 1911
Tim Scott [R],H.R. 1911
Marco Rubio [R],H.R. 1911
Rand Paul [R],H.R. 1911
Kelly Ayotte [R],H.R. 1911
John Hoeven [R],H.R. 1911
Ron Johnson [R],H.R. 1911
Brian Schatz [D],H.R. 1911
Angus King [I],H.R. 1911
Heidi Heitkamp [D],H.R. 1911
Deb Fischer [R],H.R. 1911
Ted Cruz [R],H.R. 1911
Timothy Kaine [D],H.R. 1911
Jeffrey Chiesa [R],H.R. 1911
Lamar Alexander [R],S. 744
Max Baucus [D],S. 744
Barbara Boxer [D],S. 744
Maria Cantwell [D],S. 744
Thomas Carper [D],S. 744
Susan Collins [R],S. 744
Richard Durbin [D],S. 744
Dianne Feinstein [D],S. 744
Lindsey Graham [R],S. 744
Thomas Harkin [D],S. 744
Orrin Hatch [R],S. 744
Tim Johnson [D],S. 744
Mary Landrieu [D],S. 744
Patrick Leahy [D],S. 744
Carl Levin [D],S. 744
John McCain [R],S. 744
Barbara Mikulski [D],S. 744
Lisa Murkowski [R],S. 744
Patty Murray [D],S. 744
Bill Nelson [D],S. 744
Mark Pryor [D],S. 744
John Reed [D],S. 744
Harry Reid [D],S. 744
John Rockefeller IV [D],S. 744
Charles Schumer [D],S. 744
Debbie Stabenow [D],S. 744
Ron Wyden [D],S. 744
Tammy Baldwin [D],S. 744
Sherrod Brown [D],S. 744
Benjamin Cardin [D],S. 744
Jeff Flake [R],S. 744
Mark Kirk [R],S. 744
Robert Menendez [D],S. 744
Bernard Sanders [I],S. 744
Mark Udall [D],S. 744
Tom Udall [D],S. 744
Christopher Murphy [D],S. 744
Mazie Hirono [D],S. 744
Joe Donnelly [D],S. 744
Dean Heller [R],S. 744
Kirsten Gillibrand [D],S. 744
Amy Klobuchar [D],S. 744
Claire McCaskill [D],S. 744
Jon Tester [D],S. 744
Robert Casey Jr. [D],S. 744
Sheldon Whitehouse [D],S. 744
Bob Corker [R],S. 744
Martin Heinrich [D],S. 744
Mark Warner [D],S. 744
Jeanne Shaheen [D],S. 744
Kay Hagan [D],S. 744
Jeff Merkley [D],S. 744
Mark Begich [D],S. 744
Michael Bennet [D],S. 744
Alan Franken [D],S. 744
Chris Coons [D],S. 744
Joe Manchin III [D],S. 744
Richard Blumenthal [D],S. 744
Marco Rubio [R],S. 744
Kelly Ayotte [R],S. 744
John Hoeven [R],S. 744
Brian Schatz [D],S. 744
Elizabeth Warren [D],S. 744
Angus King [I],S. 744
Heidi Heitkamp [D],S. 744
Timothy Kaine [D],S. 744
William Cowan [D],S. 744
Jeffrey Chiesa [R],S. 744
Lamar Alexander [R],S. 954
Max Baucus [D],S. 954
Barbara Boxer [D],S. 954
Maria Cantwell [D],S. 954
Thomas Carper [D],S. 954
Saxby Chambliss [R],S. 954
Thad Cochran [R],S. 954
Susan Collins [R],S. 954
Richard Durbin [D],S. 954
Dianne Feinstein [D],S. 954
Lindsey Graham [R],S. 954
Charles Grassley [R],S. 954
Thomas Harkin [D],S. 954
Tim Johnson [D],S. 954
Mary Landrieu [D],S. 954
Patrick Leahy [D],S. 954
Carl Levin [D],S. 954
Barbara Mikulski [D],S. 954
Patty Murray [D],S. 954
Bill Nelson [D],S. 954
Mark Pryor [D],S. 954
Harry Reid [D],S. 954
John Rockefeller IV [D],S. 954
Charles Schumer [D],S. 954
Debbie Stabenow [D],S. 954
Ron Wyden [D],S. 954
Tammy Baldwin [D],S. 954
Roy Blunt [R],S. 954
John Boozman [R],S. 954
Sherrod Brown [D],S. 954
Richard Burr [R],S. 954
Benjamin Cardin [D],S. 954
John Isakson [R],S. 954
Robert Menendez [D],S. 954
Jerry Moran [R],S. 954
Bernard Sanders [I],S. 954
Tom Udall [D],S. 954
David Vitter [R],S. 954
Roger Wicker [R],S. 954
Daniel Coats [R],S. 954
Christopher Murphy [D],S. 954
Mazie Hirono [D],S. 954
Joe Donnelly [D],S. 954
Kirsten Gillibrand [D],S. 954
Amy Klobuchar [D],S. 954
Claire McCaskill [D],S. 954
Jon Tester [D],S. 954
Robert Casey Jr. [D],S. 954
Martin Heinrich [D],S. 954
Mike Johanns [R],S. 954
Jeanne Shaheen [D],S. 954
Kay Hagan [D],S. 954
Jeff Merkley [D],S. 954
Michael Bennet [D],S. 954
Alan Franken [D],S. 954
Chris Coons [D],S. 954
Richard Blumenthal [D],S. 954
John Hoeven [R],S. 954
Brian Schatz [D],S. 954
Elizabeth Warren [D],S. 954
Angus King [I],S. 954
Heidi Heitkamp [D],S. 954
Deb Fischer [R],S. 954
Timothy Kaine [D],S. 954
William Cowan [D],S. 954
Jeffrey Chiesa [R],S. 954
Lamar Alexander [R],S. 601
Max Baucus [D],S. 601
Barbara Boxer [D],S. 601
Maria Cantwell [D],S. 601
Thomas Carper [D],S. 601
Saxby Chambliss [R],S. 601
Thad Cochran [R],S. 601
Susan Collins [R],S. 601
Michael Crapo [R],S. 601
Richard Durbin [D],S. 601
Michael Enzi [R],S. 601
Dianne Feinstein [D],S. 601
Lindsey Graham [R],S. 601
Charles Grassley [R],S. 601
Thomas Harkin [D],S. 601
Orrin Hatch [R],S. 601
James Inhofe [R],S. 601
Tim Johnson [D],S. 601
Mary Landrieu [D],S. 601
Carl Levin [D],S. 601
Mitch McConnell [R],S. 601
Barbara Mikulski [D],S. 601
Bill Nelson [D],S. 601
Mark Pryor [D],S. 601
John Reed [D],S. 601
Harry Reid [D],S. 601
Pat Roberts [R],S. 601
John Rockefeller IV [D],S. 601
Charles Schumer [D],S. 601
Jefferson Sessions [R],S. 601
Richard Shelby [R],S. 601
Debbie Stabenow [D],S. 601
Ron Wyden [D],S. 601
Tammy Baldwin [D],S. 601
Roy Blunt [R],S. 601
John Boozman [R],S. 601
Sherrod Brown [D],S. 601
Benjamin Cardin [D],S. 601
John Isakson [R],S. 601
Mark Kirk [R],S. 601
Robert Menendez [D],S. 601
Jerry Moran [R],S. 601
Robert Portman [R],S. 601
Bernard Sanders [I],S. 601
Patrick Toomey [R],S. 601
Mark Udall [D],S. 601
Tom Udall [D],S. 601
David Vitter [R],S. 601
Roger Wicker [R],S. 601
John Thune [R],S. 601
Daniel Coats [R],S. 601
Christopher Murphy [D],S. 601
Mazie Hirono [D],S. 601
Joe Donnelly [D],S. 601
Kirsten Gillibrand [D],S. 601
Amy Klobuchar [D],S. 601
Claire McCaskill [D],S. 601
Jon Tester [D],S. 601
Robert Casey Jr. [D],S. 601
Sheldon Whitehouse [D],S. 601
Bob Corker [R],S. 601
John Barrasso [R],S. 601
Martin Heinrich [D],S. 601
Mike Johanns [R],S. 601
Mark Warner [D],S. 601
James Risch [R],S. 601
Jeanne Shaheen [D],S. 601
Kay Hagan [D],S. 601
Jeff Merkley [D],S. 601
Mark Begich [D],S. 601
Michael Bennet [D],S. 601
Alan Franken [D],S. 601
Chris Coons [D],S. 601
Joe Manchin III [D],S. 601
Richard Blumenthal [D],S. 601
John Hoeven [R],S. 601
Brian Schatz [D],S. 601
Elizabeth Warren [D],S. 601
Angus King [I],S. 601
Heidi Heitkamp [D],S. 601
Deb Fischer [R],S. 601
Timothy Kaine [D],S. 601
William Cowan [D],S. 601
Lamar Alexander [R],S. 743
Barbara Boxer [D],S. 743
Maria Cantwell [D],S. 743
Thomas Carper [D],S. 743
Saxby Chambliss [R],S. 743
Thad Cochran [R],S. 743
Susan Collins [R],S. 743
Richard Durbin [D],S. 743
Michael Enzi [R],S. 743
Dianne Feinstein [D],S. 743
Lindsey Graham [R],S. 743
Thomas Harkin [D],S. 743
Tim Johnson [D],S. 743
Mary Landrieu [D],S. 743
Patrick Leahy [D],S. 743
Carl Levin [D],S. 743
John McCain [R],S. 743
Barbara Mikulski [D],S. 743
Patty Murray [D],S. 743
Bill Nelson [D],S. 743
Mark Pryor [D],S. 743
John Reed [D],S. 743
Harry Reid [D],S. 743
John Rockefeller IV [D],S. 743
Charles Schumer [D],S. 743
Jefferson Sessions [R],S. 743
Richard Shelby [R],S. 743
Debbie Stabenow [D],S. 743
Tammy Baldwin [D],S. 743
Roy Blunt [R],S. 743
John Boozman [R],S. 743
Sherrod Brown [D],S. 743
Richard Burr [R],S. 743
Benjamin Cardin [D],S. 743
John Isakson [R],S. 743
Robert Menendez [D],S. 743
Robert Portman [R],S. 743
Bernard Sanders [I],S. 743
Mark Udall [D],S. 743
Tom Udall [D],S. 743
Roger Wicker [R],S. 743
John Thune [R],S. 743
Daniel Coats [R],S. 743
Christopher Murphy [D],S. 743
Mazie Hirono [D],S. 743
Joe Donnelly [D],S. 743
Kirsten Gillibrand [D],S. 743
Amy Klobuchar [D],S. 743
Claire McCaskill [D],S. 743
Robert Casey Jr. [D],S. 743
Sheldon Whitehouse [D],S. 743
Bob Corker [R],S. 743
Martin Heinrich [D],S. 743
Mike Johanns [R],S. 743
Mark Warner [D],S. 743
Kay Hagan [D],S. 743
Michael Bennet [D],S. 743
Alan Franken [D],S. 743
Chris Coons [D],S. 743
Joe Manchin III [D],S. 743
Richard Blumenthal [D],S. 743
John Hoeven [R],S. 743
Brian Schatz [D],S. 743
Elizabeth Warren [D],S. 743
Angus King [I],S. 743
Heidi Heitkamp [D],S. 743
Deb Fischer [R],S. 743
Timothy Kaine [D],S. 743
William Cowan [D],S. 743
Lamar Alexander [R],H.R. 933
Max Baucus [D],H.R. 933
Barbara Boxer [D],H.R. 933
Maria Cantwell [D],H.R. 933
Thomas Carper [D],H.R. 933
Saxby Chambliss [R],H.R. 933
Thad Cochran [R],H.R. 933
Susan Collins [R],H.R. 933
John Cornyn [R],H.R. 933
Richard Durbin [D],H.R. 933
Dianne Feinstein [D],H.R. 933
Thomas Harkin [D],H.R. 933
Orrin Hatch [R],H.R. 933
Tim Johnson [D],H.R. 933
Mary Landrieu [D],H.R. 933
Patrick Leahy [D],H.R. 933
Carl Levin [D],H.R. 933
Mitch McConnell [R],H.R. 933
Barbara Mikulski [D],H.R. 933
Lisa Murkowski [R],H.R. 933
Patty Murray [D],H.R. 933
Bill Nelson [D],H.R. 933
Mark Pryor [D],H.R. 933
John Reed [D],H.R. 933
Harry Reid [D],H.R. 933
John Rockefeller IV [D],H.R. 933
Charles Schumer [D],H.R. 933
Jefferson Sessions [R],H.R. 933
Richard Shelby [R],H.R. 933
Debbie Stabenow [D],H.R. 933
Ron Wyden [D],H.R. 933
Tammy Baldwin [D],H.R. 933
Roy Blunt [R],H.R. 933
John Boozman [R],H.R. 933
Sherrod Brown [D],H.R. 933
Benjamin Cardin [D],H.R. 933
John Isakson [R],H.R. 933
Robert Menendez [D],H.R. 933
Bernard Sanders [I],H.R. 933
Mark Udall [D],H.R. 933
Tom Udall [D],H.R. 933
Roger Wicker [R],H.R. 933
John Thune [R],H.R. 933
Daniel Coats [R],H.R. 933
Christopher Murphy [D],H.R. 933
Mazie Hirono [D],H.R. 933
Joe Donnelly [D],H.R. 933
Kirsten Gillibrand [D],H.R. 933
Amy Klobuchar [D],H.R. 933
Claire McCaskill [D],H.R. 933
Robert Casey Jr. [D],H.R. 933
Sheldon Whitehouse [D],H.R. 933
Bob Corker [R],H.R. 933
John Barrasso [R],H.R. 933
Martin Heinrich [D],H.R. 933
Mike Johanns [R],H.R. 933
Mark Warner [D],H.R. 933
Jeanne Shaheen [D],H.R. 933
Kay Hagan [D],H.R. 933
Jeff Merkley [D],H.R. 933
Mark Begich [D],H.R. 933
Michael Bennet [D],H.R. 933
Alan Franken [D],H.R. 933
Chris Coons [D],H.R. 933
Joe Manchin III [D],H.R. 933
Richard Blumenthal [D],H.R. 933
John Hoeven [R],H.R. 933
Brian Schatz [D],H.R. 933
Elizabeth Warren [D],H.R. 933
Angus King [I],H.R. 933
Heidi Heitkamp [D],H.R. 933
Timothy Kaine [D],H.R. 933
William Cowan [D],H.R. 933
Lamar Alexander [R],S. 47
Max Baucus [D],S. 47
Barbara Boxer [D],S. 47
Maria Cantwell [D],S. 47
Thomas Carper [D],S. 47
Saxby Chambliss [R],S. 47
Thad Cochran [R],S. 47
Susan Collins [R],S. 47
Michael Crapo [R],S. 47
Richard Durbin [D],S. 47
Dianne Feinstein [D],S. 47
Thomas Harkin [D],S. 47
Tim Johnson [D],S. 47
Mary Landrieu [D],S. 47
Frank Lautenberg [D],S. 47
Patrick Leahy [D],S. 47
Carl Levin [D],S. 47
John McCain [R],S. 47
Barbara Mikulski [D],S. 47
Lisa Murkowski [R],S. 47
Patty Murray [D],S. 47
Bill Nelson [D],S. 47
Mark Pryor [D],S. 47
John Reed [D],S. 47
Harry Reid [D],S. 47
John Rockefeller IV [D],S. 47
Charles Schumer [D],S. 47
Richard Shelby [R],S. 47
Debbie Stabenow [D],S. 47
Ron Wyden [D],S. 47
Tammy Baldwin [D],S. 47
Sherrod Brown [D],S. 47
Richard Burr [R],S. 47
Benjamin Cardin [D],S. 47
Jeff Flake [R],S. 47
John Isakson [R],S. 47
Mark Kirk [R],S. 47
Robert Menendez [D],S. 47
Jerry Moran [R],S. 47
Robert Portman [R],S. 47
Bernard Sanders [I],S. 47
Patrick Toomey [R],S. 47
Mark Udall [D],S. 47
Tom Udall [D],S. 47
David Vitter [R],S. 47
Roger Wicker [R],S. 47
Daniel Coats [R],S. 47
Christopher Murphy [D],S. 47
Mazie Hirono [D],S. 47
Joe Donnelly [D],S. 47
Dean Heller [R],S. 47
Kirsten Gillibrand [D],S. 47
Amy Klobuchar [D],S. 47
Claire McCaskill [D],S. 47
Jon Tester [D],S. 47
Robert Casey Jr. [D],S. 47
Sheldon Whitehouse [D],S. 47
Bob Corker [R],S. 47
Martin Heinrich [D],S. 47
Mark Warner [D],S. 47
Jeanne Shaheen [D],S. 47
Kay Hagan [D],S. 47
Jeff Merkley [D],S. 47
Mark Begich [D],S. 47
Michael Bennet [D],S. 47
Alan Franken [D],S. 47
Chris Coons [D],S. 47
Joe Manchin III [D],S. 47
Richard Blumenthal [D],S. 47
Kelly Ayotte [R],S. 47
John Hoeven [R],S. 47
Brian Schatz [D],S. 47
Elizabeth Warren [D],S. 47
Angus King [I],S. 47
Heidi Heitkamp [D],S. 47
Deb Fischer [R],S. 47
Timothy Kaine [D],S. 47
William Cowan [D],S. 47
Max Baucus [D],H.R. 325
Barbara Boxer [D],H.R. 325
Maria Cantwell [D],H.R. 325
Thomas Carper [D],H.R. 325
Thad Cochran [R],H.R. 325
Susan Collins [R],H.R. 325
Richard Durbin [D],H.R. 325
Dianne Feinstein [D],H.R. 325
Lindsey Graham [R],H.R. 325
Thomas Harkin [D],H.R. 325
Tim Johnson [D],H.R. 325
Mary Landrieu [D],H.R. 325
Frank Lautenberg [D],H.R. 325
Patrick Leahy [D],H.R. 325
Carl Levin [D],H.R. 325
John McCain [R],H.R. 325
Barbara Mikulski [D],H.R. 325
Lisa Murkowski [R],H.R. 325
Bill Nelson [D],H.R. 325
Mark Pryor [D],H.R. 325
John Reed [D],H.R. 325
Harry Reid [D],H.R. 325
John Rockefeller IV [D],H.R. 325
Charles Schumer [D],H.R. 325
Richard Shelby [R],H.R. 325
Debbie Stabenow [D],H.R. 325
Ron Wyden [D],H.R. 325
Tammy Baldwin [D],H.R. 325
Roy Blunt [R],H.R. 325
Sherrod Brown [D],H.R. 325
Benjamin Cardin [D],H.R. 325
Robert Menendez [D],H.R. 325
Bernard Sanders [I],H.R. 325
Mark Udall [D],H.R. 325
Tom Udall [D],H.R. 325
Roger Wicker [R],H.R. 325
John Thune [R],H.R. 325
Christopher Murphy [D],H.R. 325
Mazie Hirono [D],H.R. 325
Joe Donnelly [D],H.R. 325
Dean Heller [R],H.R. 325
Kirsten Gillibrand [D],H.R. 325
Amy Klobuchar [D],H.R. 325
Claire McCaskill [D],H.R. 325
Jon Tester [D],H.R. 325
Robert Casey Jr. [D],H.R. 325
Sheldon Whitehouse [D],H.R. 325
Martin Heinrich [D],H.R. 325
Mark Warner [D],H.R. 325
Jeanne Shaheen [D],H.R. 325
Kay Hagan [D],H.R. 325
Jeff Merkley [D],H.R. 325
Mark Begich [D],H.R. 325
Michael Bennet [D],H.R. 325
Alan Franken [D],H.R. 325
Chris Coons [D],H.R. 325
Richard Blumenthal [D],H.R. 325
Kelly Ayotte [R],H.R. 325
John Hoeven [R],H.R. 325
Brian Schatz [D],H.R. 325
Elizabeth Warren [D],H.R. 325
Angus King [I],H.R. 325
Heidi Heitkamp [D],H.R. 325
Timothy Kaine [D],H.R. 325
Lamar Alexander [R],H.R. 152
Max Baucus [D],H.R. 152
Barbara Boxer [D],H.R. 152
Maria Cantwell [D],H.R. 152
Thomas Carper [D],H.R. 152
Thad Cochran [R],H.R. 152
Susan Collins [R],H.R. 152
Richard Durbin [D],H.R. 152
Dianne Feinstein [D],H.R. 152
Thomas Harkin [D],H.R. 152
Tim Johnson [D],H.R. 152
John Kerry [D],H.R. 152
Mary Landrieu [D],H.R. 152
Frank Lautenberg [D],H.R. 152
Patrick Leahy [D],H.R. 152
Carl Levin [D],H.R. 152
Barbara Mikulski [D],H.R. 152
Lisa Murkowski [R],H.R. 152
Bill Nelson [D],H.R. 152
Mark Pryor [D],H.R. 152
John Reed [D],H.R. 152
Harry Reid [D],H.R. 152
John Rockefeller IV [D],H.R. 152
Charles Schumer [D],H.R. 152
Richard Shelby [R],H.R. 152
Debbie Stabenow [D],H.R. 152
Ron Wyden [D],H.R. 152
Tammy Baldwin [D],H.R. 152
Sherrod Brown [D],H.R. 152
Benjamin Cardin [D],H.R. 152
Robert Menendez [D],H.R. 152
Bernard Sanders [I],H.R. 152
Mark Udall [D],H.R. 152
Tom Udall [D],H.R. 152
David Vitter [R],H.R. 152
Roger Wicker [R],H.R. 152
Christopher Murphy [D],H.R. 152
Mazie Hirono [D],H.R. 152
Joe Donnelly [D],H.R. 152
Dean Heller [R],H.R. 152
Kirsten Gillibrand [D],H.R. 152
Amy Klobuchar [D],H.R. 152
Claire McCaskill [D],H.R. 152
Jon Tester [D],H.R. 152
Robert Casey Jr. [D],H.R. 152
Sheldon Whitehouse [D],H.R. 152
Martin Heinrich [D],H.R. 152
Mark Warner [D],H.R. 152
Jeanne Shaheen [D],H.R. 152
Kay Hagan [D],H.R. 152
Jeff Merkley [D],H.R. 152
Mark Begich [D],H.R. 152
Michael Bennet [D],H.R. 152
Alan Franken [D],H.R. 152
Chris Coons [D],H.R. 152
Joe Manchin III [D],H.R. 152
Richard Blumenthal [D],H.R. 152
John Hoeven [R],H.R. 152
Brian Schatz [D],H.R. 152
Elizabeth Warren [D],H.R. 152
Heidi Heitkamp [D],H.R. 152
Timothy Kaine [D],H.R. 152
Lamar Alexander [R],H.R. 5771
Maria Cantwell [D],H.R. 5771
Thomas Carper [D],H.R. 5771
Susan Collins [R],H.R. 5771
John Cornyn [R],H.R. 5771
Richard Durbin [D],H.R. 5771
Michael Enzi [R],H.R. 5771
Dianne Feinstein [D],H.R. 5771
Lindsey Graham [R],H.R. 5771
Charles Grassley [R],H.R. 5771
Thomas Harkin [D],H.R. 5771
Orrin Hatch [R],H.R. 5771
James Inhofe [R],H.R. 5771
Tim Johnson [D],H.R. 5771
Mary Landrieu [D],H.R. 5771
Carl Levin [D],H.R. 5771
John McCain [R],H.R. 5771
Mitch McConnell [R],H.R. 5771
Barbara Mikulski [D],H.R. 5771
Lisa Murkowski [R],H.R. 5771
Patty Murray [D],H.R. 5771
Bill Nelson [D],H.R. 5771
Mark Pryor [D],H.R. 5771
John Reed [D],H.R. 5771
Harry Reid [D],H.R. 5771
Pat Roberts [R],H.R. 5771
John Rockefeller IV [D],H.R. 5771
Charles Schumer [D],H.R. 5771
Richard Shelby [R],H.R. 5771
Debbie Stabenow [D],H.R. 5771
Tammy Baldwin [D],H.R. 5771
Roy Blunt [R],H.R. 5771
John Boozman [R],H.R. 5771
Richard Burr [R],H.R. 5771
Benjamin Cardin [D],H.R. 5771
John Isakson [R],H.R. 5771
Edward Markey [D],H.R. 5771
Robert Menendez [D],H.R. 5771
Jerry Moran [R],H.R. 5771
Mark Udall [D],H.R. 5771
Tom Udall [D],H.R. 5771
David Vitter [R],H.R. 5771
Roger Wicker [R],H.R. 5771
John Thune [R],H.R. 5771
Christopher Murphy [D],H.R. 5771
Mazie Hirono [D],H.R. 5771
Joe Donnelly [D],H.R. 5771
Dean Heller [R],H.R. 5771
Kirsten Gillibrand [D],H.R. 5771
Amy Klobuchar [D],H.R. 5771
Claire McCaskill [D],H.R. 5771
Jon Tester [D],H.R. 5771
Robert Casey Jr. [D],H.R. 5771
Bob Corker [R],H.R. 5771
John Barrasso [R],H.R. 5771
Martin Heinrich [D],H.R. 5771
Mark Warner [D],H.R. 5771
Jeanne Shaheen [D],H.R. 5771
Kay Hagan [D],H.R. 5771
Mark Begich [D],H.R. 5771
Alan Franken [D],H.R. 5771
Chris Coons [D],H.R. 5771
Richard Blumenthal [D],H.R. 5771
Marco Rubio [R],H.R. 5771
Rand Paul [R],H.R. 5771
Kelly Ayotte [R],H.R. 5771
John Hoeven [R],H.R. 5771
Ron Johnson [R],H.R. 5771
Brian Schatz [D],H.R. 5771
Angus King [I],H.R. 5771
Heidi Heitkamp [D],H.R. 5771
Deb Fischer [R],H.R. 5771
Ted Cruz [R],H.R. 5771
Timothy Kaine [D],H.R. 5771
Cory Booker [D],H.R. 5771
John Walsh [D],H.R. 5771
Barbara Boxer [D],H.R. 5021
Maria Cantwell [D],H.R. 5021
Thomas Carper [D],H.R. 5021
Saxby Chambliss [R],H.R. 5021
Thad Cochran [R],H.R. 5021
Susan Collins [R],H.R. 5021
Richard Durbin [D],H.R. 5021
Michael Enzi [R],H.R. 5021
Dianne Feinstein [D],H.R. 5021
Lindsey Graham [R],H.R. 5021
Charles Grassley [R],H.R. 5021
Thomas Harkin [D],H.R. 5021
James Inhofe [R],H.R. 5021
Tim Johnson [D],H.R. 5021
Mary Landrieu [D],H.R. 5021
Patrick Leahy [D],H.R. 5021
Carl Levin [D],H.R. 5021
Mitch McConnell [R],H.R. 5021
Barbara Mikulski [D],H.R. 5021
Lisa Murkowski [R],H.R. 5021
Patty Murray [D],H.R. 5021
Bill Nelson [D],H.R. 5021
Mark Pryor [D],H.R. 5021
John Reed [D],H.R. 5021
Harry Reid [D],H.R. 5021
John Rockefeller IV [D],H.R. 5021
Charles Schumer [D],H.R. 5021
Debbie Stabenow [D],H.R. 5021
Ron Wyden [D],H.R. 5021
Tammy Baldwin [D],H.R. 5021
Roy Blunt [R],H.R. 5021
John Boozman [R],H.R. 5021
Sherrod Brown [D],H.R. 5021
Benjamin Cardin [D],H.R. 5021
John Isakson [R],H.R. 5021
Mark Kirk [R],H.R. 5021
Edward Markey [D],H.R. 5021
Robert Menendez [D],H.R. 5021
Jerry Moran [R],H.R. 5021
Bernard Sanders [I],H.R. 5021
Mark Udall [D],H.R. 5021
Tom Udall [D],H.R. 5021
David Vitter [R],H.R. 5021
Roger Wicker [R],H.R. 5021
John Thune [R],H.R. 5021
Daniel Coats [R],H.R. 5021
Christopher Murphy [D],H.R. 5021
Mazie Hirono [D],H.R. 5021
Joe Donnelly [D],H.R. 5021
Dean Heller [R],H.R. 5021
Kirsten Gillibrand [D],H.R. 5021
Amy Klobuchar [D],H.R. 5021
Claire McCaskill [D],H.R. 5021
Jon Tester [D],H.R. 5021
Robert Casey Jr. [D],H.R. 5021
Sheldon Whitehouse [D],H.R. 5021
Bob Corker [R],H.R. 5021
John Barrasso [R],H.R. 5021
Martin Heinrich [D],H.R. 5021
Mike Johanns [R],H.R. 5021
Mark Warner [D],H.R. 5021
Jeanne Shaheen [D],H.R. 5021
Kay Hagan [D],H.R. 5021
Jeff Merkley [D],H.R. 5021
Mark Begich [D],H.R. 5021
Michael Bennet [D],H.R. 5021
Alan Franken [D],H.R. 5021
Chris Coons [D],H.R. 5021
Joe Manchin III [D],H.R. 5021
Richard Blumenthal [D],H.R. 5021
Kelly Ayotte [R],H.R. 5021
John Hoeven [R],H.R. 5021
Elizabeth Warren [D],H.R. 5021
Angus King [I],H.R. 5021
Heidi Heitkamp [D],H.R. 5021
Deb Fischer [R],H.R. 5021
Timothy Kaine [D],H.R. 5021
Cory Booker [D],H.R. 5021
John Walsh [D],H.R. 5021
Barbara Boxer [D],S. 2244
Maria Cantwell [D],S. 2244
Thomas Carper [D],S. 2244
Saxby Chambliss [R],S. 2244
Thad Cochran [R],S. 2244
Susan Collins [R],S. 2244
John Cornyn [R],S. 2244
Michael Crapo [R],S. 2244
Richard Durbin [D],S. 2244
Michael Enzi [R],S. 2244
Dianne Feinstein [D],S. 2244
Lindsey Graham [R],S. 2244
Charles Grassley [R],S. 2244
Thomas Harkin [D],S. 2244
Orrin Hatch [R],S. 2244
James Inhofe [R],S. 2244
Tim Johnson [D],S. 2244
Mary Landrieu [D],S. 2244
Patrick Leahy [D],S. 2244
Carl Levin [D],S. 2244
John McCain [R],S. 2244
Mitch McConnell [R],S. 2244
Barbara Mikulski [D],S. 2244
Lisa Murkowski [R],S. 2244
Patty Murray [D],S. 2244
Bill Nelson [D],S. 2244
Mark Pryor [D],S. 2244
John Reed [D],S. 2244
Harry Reid [D],S. 2244
John Rockefeller IV [D],S. 2244
Charles Schumer [D],S. 2244
Richard Shelby [R],S. 2244
Debbie Stabenow [D],S. 2244
Ron Wyden [D],S. 2244
Tammy Baldwin [D],S. 2244
Roy Blunt [R],S. 2244
John Boozman [R],S. 2244
Sherrod Brown [D],S. 2244
Richard Burr [R],S. 2244
Benjamin Cardin [D],S. 2244
Jeff Flake [R],S. 2244
John Isakson [R],S. 2244
Mark Kirk [R],S. 2244
Edward Markey [D],S. 2244
Robert Menendez [D],S. 2244
Jerry Moran [R],S. 2244
Robert Portman [R],S. 2244
Bernard Sanders [I],S. 2244
Patrick Toomey [R],S. 2244
Mark Udall [D],S. 2244
Tom Udall [D],S. 2244
David Vitter [R],S. 2244
Roger Wicker [R],S. 2244
John Thune [R],S. 2244
Daniel Coats [R],S. 2244
Christopher Murphy [D],S. 2244
Mazie Hirono [D],S. 2244
Joe Donnelly [D],S. 2244
Dean Heller [R],S. 2244
Kirsten Gillibrand [D],S. 2244
Amy Klobuchar [D],S. 2244
Claire McCaskill [D],S. 2244
Jon Tester [D],S. 2244
Robert Casey Jr. [D],S. 2244
Sheldon Whitehouse [D],S. 2244
Bob Corker [R],S. 2244
John Barrasso [R],S. 2244
Martin Heinrich [D],S. 2244
Mike Johanns [R],S. 2244
Mark Warner [D],S. 2244
James Risch [R],S. 2244
Jeanne Shaheen [D],S. 2244
Kay Hagan [D],S. 2244
Jeff Merkley [D],S. 2244
Mark Begich [D],S. 2244
Michael Bennet [D],S. 2244
Alan Franken [D],S. 2244
Joe Manchin III [D],S. 2244
Tim Scott [R],S. 2244
Richard Blumenthal [D],S. 2244
Rand Paul [R],S. 2244
Kelly Ayotte [R],S. 2244
John Hoeven [R],S. 2244
Mike Lee [R],S. 2244
Ron Johnson [R],S. 2244
Elizabeth Warren [D],S. 2244
Angus King [I],S. 2244
Heidi Heitkamp [D],S. 2244
Deb Fischer [R],S. 2244
Ted Cruz [R],S. 2244
Timothy Kaine [D],S. 2244
Cory Booker [D],S. 2244
John Walsh [D],S. 2244
Lamar Alexander [R],H.R. 803
Barbara Boxer [D],H.R. 803
Maria Cantwell [D],H.R. 803
Thomas Carper [D],H.R. 803
Saxby Chambliss [R],H.R. 803
Susan Collins [R],H.R. 803
John Cornyn [R],H.R. 803
Michael Crapo [R],H.R. 803
Richard Durbin [D],H.R. 803
Michael Enzi [R],H.R. 803
Dianne Feinstein [D],H.R. 803
Lindsey Graham [R],H.R. 803
Charles Grassley [R],H.R. 803
Thomas Harkin [D],H.R. 803
Orrin Hatch [R],H.R. 803
James Inhofe [R],H.R. 803
Tim Johnson [D],H.R. 803
Mary Landrieu [D],H.R. 803
Patrick Leahy [D],H.R. 803
Carl Levin [D],H.R. 803
John McCain [R],H.R. 803
Mitch McConnell [R],H.R. 803
Barbara Mikulski [D],H.R. 803
Lisa Murkowski [R],H.R. 803
Patty Murray [D],H.R. 803
Bill Nelson [D],H.R. 803
Mark Pryor [D],H.R. 803
John Reed [D],H.R. 803
Harry Reid [D],H.R. 803
Pat Roberts [R],H.R. 803
John Rockefeller IV [D],H.R. 803
Charles Schumer [D],H.R. 803
Jefferson Sessions [R],H.R. 803
Richard Shelby [R],H.R. 803
Debbie Stabenow [D],H.R. 803
Ron Wyden [D],H.R. 803
Tammy Baldwin [D],H.R. 803
Roy Blunt [R],H.R. 803
John Boozman [R],H.R. 803
Sherrod Brown [D],H.R. 803
Richard Burr [R],H.R. 803
Benjamin Cardin [D],H.R. 803
Jeff Flake [R],H.R. 803
John Isakson [R],H.R. 803
Mark Kirk [R],H.R. 803
Edward Markey [D],H.R. 803
Robert Menendez [D],H.R. 803
Jerry Moran [R],H.R. 803
Robert Portman [R],H.R. 803
Bernard Sanders [I],H.R. 803
Patrick Toomey [R],H.R. 803
Mark Udall [D],H.R. 803
Tom Udall [D],H.R. 803
David Vitter [R],H.R. 803
Roger Wicker [R],H.R. 803
John Thune [R],H.R. 803
Daniel Coats [R],H.R. 803
Christopher Murphy [D],H.R. 803
Mazie Hirono [D],H.R. 803
Joe Donnelly [D],H.R. 803
Dean Heller [R],H.R. 803
Kirsten Gillibrand [D],H.R. 803
Amy Klobuchar [D],H.R. 803
Claire McCaskill [D],H.R. 803
Jon Tester [D],H.R. 803
Robert Casey Jr. [D],H.R. 803
Sheldon Whitehouse [D],H.R. 803
Bob Corker [R],H.R. 803
John Barrasso [R],H.R. 803
Martin Heinrich [D],H.R. 803
Mark Warner [D],H.R. 803
James Risch [R],H.R. 803
Jeanne Shaheen [D],H.R. 803
Kay Hagan [D],H.R. 803
Jeff Merkley [D],H.R. 803
Mark Begich [D],H.R. 803
Michael Bennet [D],H.R. 803
Alan Franken [D],H.R. 803
Chris Coons [D],H.R. 803
Joe Manchin III [D],H.R. 803
Tim Scott [R],H.R. 803
Richard Blumenthal [D],H.R. 803
Marco Rubio [R],H.R. 803
Rand Paul [R],H.R. 803
Kelly Ayotte [R],H.R. 803
John Hoeven [R],H.R. 803
Brian Schatz [D],H.R. 803
Elizabeth Warren [D],H.R. 803
Angus King [I],H.R. 803
Heidi Heitkamp [D],H.R. 803
Deb Fischer [R],H.R. 803
Ted Cruz [R],H.R. 803
Timothy Kaine [D],H.R. 803
Cory Booker [D],H.R. 803
John Walsh [D],H.R. 803
Lamar Alexander [R],H.R. 3230
Barbara Boxer [D],H.R. 3230
Maria Cantwell [D],H.R. 3230
Thomas Carper [D],H.R. 3230
Saxby Chambliss [R],H.R. 3230
Susan Collins [R],H.R. 3230
John Cornyn [R],H.R. 3230
Michael Crapo [R],H.R. 3230
Richard Durbin [D],H.R. 3230
Michael Enzi [R],H.R. 3230
Dianne Feinstein [D],H.R. 3230
Lindsey Graham [R],H.R. 3230
Charles Grassley [R],H.R. 3230
Thomas Harkin [D],H.R. 3230
Orrin Hatch [R],H.R. 3230
James Inhofe [R],H.R. 3230
Tim Johnson [D],H.R. 3230
Mary Landrieu [D],H.R. 3230
Patrick Leahy [D],H.R. 3230
Carl Levin [D],H.R. 3230
John McCain [R],H.R. 3230
Mitch McConnell [R],H.R. 3230
Barbara Mikulski [D],H.R. 3230
Lisa Murkowski [R],H.R. 3230
Patty Murray [D],H.R. 3230
Bill Nelson [D],H.R. 3230
Mark Pryor [D],H.R. 3230
John Reed [D],H.R. 3230
Harry Reid [D],H.R. 3230
Pat Roberts [R],H.R. 3230
John Rockefeller IV [D],H.R. 3230
Charles Schumer [D],H.R. 3230
Richard Shelby [R],H.R. 3230
Debbie Stabenow [D],H.R. 3230
Ron Wyden [D],H.R. 3230
Tammy Baldwin [D],H.R. 3230
Roy Blunt [R],H.R. 3230
John Boozman [R],H.R. 3230
Sherrod Brown [D],H.R. 3230
Richard Burr [R],H.R. 3230
Benjamin Cardin [D],H.R. 3230
Jeff Flake [R],H.R. 3230
John Isakson [R],H.R. 3230
Mark Kirk [R],H.R. 3230
Edward Markey [D],H.R. 3230
Robert Menendez [D],H.R. 3230
Robert Portman [R],H.R. 3230
Bernard Sanders [I],H.R. 3230
Patrick Toomey [R],H.R. 3230
Mark Udall [D],H.R. 3230
Tom Udall [D],H.R. 3230
David Vitter [R],H.R. 3230
Roger Wicker [R],H.R. 3230
John Thune [R],H.R. 3230
Thomas Coburn [R],H.R. 3230
Daniel Coats [R],H.R. 3230
Christopher Murphy [D],H.R. 3230
Mazie Hirono [D],H.R. 3230
Joe Donnelly [D],H.R. 3230
Dean Heller [R],H.R. 3230
Kirsten Gillibrand [D],H.R. 3230
Amy Klobuchar [D],H.R. 3230
Jon Tester [D],H.R. 3230
Robert Casey Jr. [D],H.R. 3230
Sheldon Whitehouse [D],H.R. 3230
John Barrasso [R],H.R. 3230
Martin Heinrich [D],H.R. 3230
Mike Johanns [R],H.R. 3230
Mark Warner [D],H.R. 3230
James Risch [R],H.R. 3230
Jeanne Shaheen [D],H.R. 3230
Kay Hagan [D],H.R. 3230
Mark Begich [D],H.R. 3230
Michael Bennet [D],H.R. 3230
Alan Franken [D],H.R. 3230
Chris Coons [D],H.R. 3230
Joe Manchin III [D],H.R. 3230
Tim Scott [R],H.R. 3230
Richard Blumenthal [D],H.R. 3230
Marco Rubio [R],H.R. 3230
Rand Paul [R],H.R. 3230
Kelly Ayotte [R],H.R. 3230
John Hoeven [R],H.R. 3230
Mike Lee [R],H.R. 3230
Brian Schatz [D],H.R. 3230
Elizabeth Warren [D],H.R. 3230
Angus King [I],H.R. 3230
Heidi Heitkamp [D],H.R. 3230
Deb Fischer [R],H.R. 3230
Ted Cruz [R],H.R. 3230
Timothy Kaine [D],H.R. 3230
Cory Booker [D],H.R. 3230
John Walsh [D],H.R. 3230
Barbara Boxer [D],H.R. 3979
Maria Cantwell [D],H.R. 3979
Thomas Carper [D],H.R. 3979
Susan Collins [R],H.R. 3979
Richard Durbin [D],H.R. 3979
Dianne Feinstein [D],H.R. 3979
Thomas Harkin [D],H.R. 3979
Tim Johnson [D],H.R. 3979
Patrick Leahy [D],H.R. 3979
Carl Levin [D],H.R. 3979
Barbara Mikulski [D],H.R. 3979
Lisa Murkowski [R],H.R. 3979
Patty Murray [D],H.R. 3979
Bill Nelson [D],H.R. 3979
Mark Pryor [D],H.R. 3979
John Reed [D],H.R. 3979
Harry Reid [D],H.R. 3979
John Rockefeller IV [D],H.R. 3979
Charles Schumer [D],H.R. 3979
Debbie Stabenow [D],H.R. 3979
Ron Wyden [D],H.R. 3979
Tammy Baldwin [D],H.R. 3979
Sherrod Brown [D],H.R. 3979
Benjamin Cardin [D],H.R. 3979
Mark Kirk [R],H.R. 3979
Edward Markey [D],H.R. 3979
Robert Menendez [D],H.R. 3979
Robert Portman [R],H.R. 3979
Bernard Sanders [I],H.R. 3979
Mark Udall [D],H.R. 3979
Tom Udall [D],H.R. 3979
Christopher Murphy [D],H.R. 3979
Mazie Hirono [D],H.R. 3979
Joe Donnelly [D],H.R. 3979
Dean Heller [R],H.R. 3979
Kirsten Gillibrand [D],H.R. 3979
Amy Klobuchar [D],H.R. 3979
Jon Tester [D],H.R. 3979
Robert Casey Jr. [D],H.R. 3979
Sheldon Whitehouse [D],H.R. 3979
Martin Heinrich [D],H.R. 3979
Mark Warner [D],H.R. 3979
Jeanne Shaheen [D],H.R. 3979
Kay Hagan [D],H.R. 3979
Jeff Merkley [D],H.R. 3979
Mark Begich [D],H.R. 3979
Michael Bennet [D],H.R. 3979
Alan Franken [D],H.R. 3979
Chris Coons [D],H.R. 3979
Joe Manchin III [D],H.R. 3979
Richard Blumenthal [D],H.R. 3979
Kelly Ayotte [R],H.R. 3979
Brian Schatz [D],H.R. 3979
Elizabeth Warren [D],H.R. 3979
Angus King [I],H.R. 3979
Heidi Heitkamp [D],H.R. 3979
Timothy Kaine [D],H.R. 3979
Cory Booker [D],H.R. 3979
John Walsh [D],H.R. 3979
Barbara Boxer [D],H.R. 4302
Maria Cantwell [D],H.R. 4302
Saxby Chambliss [R],H.R. 4302
Thad Cochran [R],H.R. 4302
Susan Collins [R],H.R. 4302
John Cornyn [R],H.R. 4302
Richard Durbin [D],H.R. 4302
Dianne Feinstein [D],H.R. 4302
Thomas Harkin [D],H.R. 4302
Orrin Hatch [R],H.R. 4302
Tim Johnson [D],H.R. 4302
Mary Landrieu [D],H.R. 4302
Patrick Leahy [D],H.R. 4302
Carl Levin [D],H.R. 4302
Mitch McConnell [R],H.R. 4302
Barbara Mikulski [D],H.R. 4302
Lisa Murkowski [R],H.R. 4302
Patty Murray [D],H.R. 4302
Bill Nelson [D],H.R. 4302
Mark Pryor [D],H.R. 4302
John Reed [D],H.R. 4302
Harry Reid [D],H.R. 4302
John Rockefeller IV [D],H.R. 4302
Charles Schumer [D],H.R. 4302
Debbie Stabenow [D],H.R. 4302
Roy Blunt [R],H.R. 4302
Sherrod Brown [D],H.R. 4302
Richard Burr [R],H.R. 4302
Benjamin Cardin [D],H.R. 4302
John Isakson [R],H.R. 4302
Mark Kirk [R],H.R. 4302
Edward Markey [D],H.R. 4302
Robert Menendez [D],H.R. 4302
Bernard Sanders [I],H.R. 4302
Mark Udall [D],H.R. 4302
Tom Udall [D],H.R. 4302
David Vitter [R],H.R. 4302
Roger Wicker [R],H.R. 4302
Christopher Murphy [D],H.R. 4302
Mazie Hirono [D],H.R. 4302
Joe Donnelly [D],H.R. 4302
Dean Heller [R],H.R. 4302
Kirsten Gillibrand [D],H.R. 4302
Claire McCaskill [D],H.R. 4302
Jon Tester [D],H.R. 4302
Robert Casey Jr. [D],H.R. 4302
Sheldon Whitehouse [D],H.R. 4302
Martin Heinrich [D],H.R. 4302
Jeanne Shaheen [D],H.R. 4302
Kay Hagan [D],H.R. 4302
Jeff Merkley [D],H.R. 4302
Mark Begich [D],H.R. 4302
Michael Bennet [D],H.R. 4302
Chris Coons [D],H.R. 4302
Joe Manchin III [D],H.R. 4302
Richard Blumenthal [D],H.R. 4302
Kelly Ayotte [R],H.R. 4302
John Hoeven [R],H.R. 4302
Brian Schatz [D],H.R. 4302
Elizabeth Warren [D],H.R. 4302
Angus King [I],H.R. 4302
Timothy Kaine [D],H.R. 4302
Cory Booker [D],H.R. 4302
John Walsh [D],H.R. 4302
Maria Cantwell [D],H.R. 3370
Saxby Chambliss [R],H.R. 3370
Thad Cochran [R],H.R. 3370
Susan Collins [R],H.R. 3370
Richard Durbin [D],H.R. 3370
Dianne Feinstein [D],H.R. 3370
Lindsey Graham [R],H.R. 3370
Charles Grassley [R],H.R. 3370
Thomas Harkin [D],H.R. 3370
Mary Landrieu [D],H.R. 3370
Patrick Leahy [D],H.R. 3370
Carl Levin [D],H.R. 3370
Barbara Mikulski [D],H.R. 3370
Lisa Murkowski [R],H.R. 3370
Patty Murray [D],H.R. 3370
Bill Nelson [D],H.R. 3370
Mark Pryor [D],H.R. 3370
John Reed [D],H.R. 3370
Harry Reid [D],H.R. 3370
John Rockefeller IV [D],H.R. 3370
Charles Schumer [D],H.R. 3370
Jefferson Sessions [R],H.R. 3370
Debbie Stabenow [D],H.R. 3370
Ron Wyden [D],H.R. 3370
Tammy Baldwin [D],H.R. 3370
Roy Blunt [R],H.R. 3370
Sherrod Brown [D],H.R. 3370
Richard Burr [R],H.R. 3370
Benjamin Cardin [D],H.R. 3370
John Isakson [R],H.R. 3370
Mark Kirk [R],H.R. 3370
Edward Markey [D],H.R. 3370
Robert Menendez [D],H.R. 3370
Robert Portman [R],H.R. 3370
Bernard Sanders [I],H.R. 3370
Patrick Toomey [R],H.R. 3370
Mark Udall [D],H.R. 3370
Tom Udall [D],H.R. 3370
David Vitter [R],H.R. 3370
Roger Wicker [R],H.R. 3370
Daniel Coats [R],H.R. 3370
Christopher Murphy [D],H.R. 3370
Mazie Hirono [D],H.R. 3370
Joe Donnelly [D],H.R. 3370
Kirsten Gillibrand [D],H.R. 3370
Amy Klobuchar [D],H.R. 3370
Jon Tester [D],H.R. 3370
Robert Casey Jr. [D],H.R. 3370
Sheldon Whitehouse [D],H.R. 3370
Martin Heinrich [D],H.R. 3370
Mark Warner [D],H.R. 3370
Jeanne Shaheen [D],H.R. 3370
Kay Hagan [D],H.R. 3370
Jeff Merkley [D],H.R. 3370
Mark Begich [D],H.R. 3370
Michael Bennet [D],H.R. 3370
Alan Franken [D],H.R. 3370
Chris Coons [D],H.R. 3370
Joe Manchin III [D],H.R. 3370
Tim Scott [R],H.R. 3370
Richard Blumenthal [D],H.R. 3370
Marco Rubio [R],H.R. 3370
Kelly Ayotte [R],H.R. 3370
John Hoeven [R],H.R. 3370
Brian Schatz [D],H.R. 3370
Elizabeth Warren [D],H.R. 3370
Angus King [I],H.R. 3370
Heidi Heitkamp [D],H.R. 3370
Ted Cruz [R],H.R. 3370
Timothy Kaine [D],H.R. 3370
Cory Booker [D],H.R. 3370
John Walsh [D],H.R. 3370
Lamar Alexander [R],S. 1086
Barbara Boxer [D],S. 1086
Maria Cantwell [D],S. 1086
Thomas Carper [D],S. 1086
Saxby Chambliss [R],S. 1086
Thad Cochran [R],S. 1086
Susan Collins [R],S. 1086
John Cornyn [R],S. 1086
Michael Crapo [R],S. 1086
Richard Durbin [D],S. 1086
Michael Enzi [R],S. 1086
Dianne Feinstein [D],S. 1086
Lindsey Graham [R],S. 1086
Charles Grassley [R],S. 1086
Thomas Harkin [D],S. 1086
Orrin Hatch [R],S. 1086
Tim Johnson [D],S. 1086
Mary Landrieu [D],S. 1086
Patrick Leahy [D],S. 1086
Carl Levin [D],S. 1086
John McCain [R],S. 1086
Mitch McConnell [R],S. 1086
Barbara Mikulski [D],S. 1086
Lisa Murkowski [R],S. 1086
Patty Murray [D],S. 1086
Bill Nelson [D],S. 1086
Mark Pryor [D],S. 1086
John Reed [D],S. 1086
Harry Reid [D],S. 1086
Pat Roberts [R],S. 1086
John Rockefeller IV [D],S. 1086
Charles Schumer [D],S. 1086
Jefferson Sessions [R],S. 1086
Richard Shelby [R],S. 1086
Debbie Stabenow [D],S. 1086
Ron Wyden [D],S. 1086
Tammy Baldwin [D],S. 1086
Roy Blunt [R],S. 1086
John Boozman [R],S. 1086
Sherrod Brown [D],S. 1086
Richard Burr [R],S. 1086
Benjamin Cardin [D],S. 1086
Jeff Flake [R],S. 1086
John Isakson [R],S. 1086
Mark Kirk [R],S. 1086
Edward Markey [D],S. 1086
Robert Menendez [D],S. 1086
Robert Portman [R],S. 1086
Bernard Sanders [I],S. 1086
Patrick Toomey [R],S. 1086
Mark Udall [D],S. 1086
Tom Udall [D],S. 1086
David Vitter [R],S. 1086
Roger Wicker [R],S. 1086
John Thune [R],S. 1086
Daniel Coats [R],S. 1086
Christopher Murphy [D],S. 1086
Mazie Hirono [D],S. 1086
Joe Donnelly [D],S. 1086
Dean Heller [R],S. 1086
Kirsten Gillibrand [D],S. 1086
Amy Klobuchar [D],S. 1086
Claire McCaskill [D],S. 1086
Jon Tester [D],S. 1086
Robert Casey Jr. [D],S. 1086
Sheldon Whitehouse [D],S. 1086
Bob Corker [R],S. 1086
John Barrasso [R],S. 1086
Martin Heinrich [D],S. 1086
Mike Johanns [R],S. 1086
Mark Warner [D],S. 1086
James Risch [R],S. 1086
Jeanne Shaheen [D],S. 1086
Kay Hagan [D],S. 1086
Jeff Merkley [D],S. 1086
Mark Begich [D],S. 1086
Michael Bennet [D],S. 1086
Alan Franken [D],S. 1086
Chris Coons [D],S. 1086
Joe Manchin III [D],S. 1086
Tim Scott [R],S. 1086
Richard Blumenthal [D],S. 1086
Marco Rubio [R],S. 1086
Rand Paul [R],S. 1086
Kelly Ayotte [R],S. 1086
John Hoeven [R],S. 1086
Ron Johnson [R],S. 1086
Brian Schatz [D],S. 1086
Elizabeth Warren [D],S. 1086
Angus King [I],S. 1086
Heidi Heitkamp [D],S. 1086
Deb Fischer [R],S. 1086
Ted Cruz [R],S. 1086
Timothy Kaine [D],S. 1086
Cory Booker [D],S. 1086
John Walsh [D],S. 1086
Lamar Alexander [R],S. 1917
Barbara Boxer [D],S. 1917
Maria Cantwell [D],S. 1917
Thomas Carper [D],S. 1917
Saxby Chambliss [R],S. 1917
Thad Cochran [R],S. 1917
Susan Collins [R],S. 1917
John Cornyn [R],S. 1917
Michael Crapo [R],S. 1917
Richard Durbin [D],S. 1917
Michael Enzi [R],S. 1917
Dianne Feinstein [D],S. 1917
Lindsey Graham [R],S. 1917
Charles Grassley [R],S. 1917
Orrin Hatch [R],S. 1917
James Inhofe [R],S. 1917
Tim Johnson [D],S. 1917
Mary Landrieu [D],S. 1917
Patrick Leahy [D],S. 1917
Carl Levin [D],S. 1917
Mitch McConnell [R],S. 1917
Barbara Mikulski [D],S. 1917
Lisa Murkowski [R],S. 1917
Patty Murray [D],S. 1917
Bill Nelson [D],S. 1917
Mark Pryor [D],S. 1917
John Reed [D],S. 1917
Harry Reid [D],S. 1917
Pat Roberts [R],S. 1917
John Rockefeller IV [D],S. 1917
Charles Schumer [D],S. 1917
Jefferson Sessions [R],S. 1917
Richard Shelby [R],S. 1917
Debbie Stabenow [D],S. 1917
Ron Wyden [D],S. 1917
Tammy Baldwin [D],S. 1917
Roy Blunt [R],S. 1917
John Boozman [R],S. 1917
Sherrod Brown [D],S. 1917
Richard Burr [R],S. 1917
Benjamin Cardin [D],S. 1917
Jeff Flake [R],S. 1917
John Isakson [R],S. 1917
Edward Markey [D],S. 1917
Robert Menendez [D],S. 1917
Jerry Moran [R],S. 1917
Robert Portman [R],S. 1917
Bernard Sanders [I],S. 1917
Patrick Toomey [R],S. 1917
Mark Udall [D],S. 1917
Tom Udall [D],S. 1917
David Vitter [R],S. 1917
Roger Wicker [R],S. 1917
John Thune [R],S. 1917
Thomas Coburn [R],S. 1917
Daniel Coats [R],S. 1917
Christopher Murphy [D],S. 1917
Mazie Hirono [D],S. 1917
Joe Donnelly [D],S. 1917
Dean Heller [R],S. 1917
Kirsten Gillibrand [D],S. 1917
Amy Klobuchar [D],S. 1917
Claire McCaskill [D],S. 1917
Jon Tester [D],S. 1917
Robert Casey Jr. [D],S. 1917
Sheldon Whitehouse [D],S. 1917
Bob Corker [R],S. 1917
John Barrasso [R],S. 1917
Martin Heinrich [D],S. 1917
Mike Johanns [R],S. 1917
Mark Warner [D],S. 1917
James Risch [R],S. 1917
Jeanne Shaheen [D],S. 1917
Kay Hagan [D],S. 1917
Jeff Merkley [D],S. 1917
Mark Begich [D],S. 1917
Michael Bennet [D],S. 1917
Alan Franken [D],S. 1917
Chris Coons [D],S. 1917
Joe Manchin III [D],S. 1917
Tim Scott [R],S. 1917
Richard Blumenthal [D],S. 1917
Marco Rubio [R],S. 1917
Rand Paul [R],S. 1917
Kelly Ayotte [R],S. 1917
John Hoeven [R],S. 1917
Mike Lee [R],S. 1917
Ron Johnson [R],S. 1917
Brian Schatz [D],S. 1917
Elizabeth Warren [D],S. 1917
Angus King [I],S. 1917
Heidi Heitkamp [D],S. 1917
Deb Fischer [R],S. 1917
Ted Cruz [R],S. 1917
Timothy Kaine [D],S. 1917
Cory Booker [D],S. 1917
John Walsh [D],S. 1917
Max Baucus [D],S. 1926
Barbara Boxer [D],S. 1926
Maria Cantwell [D],S. 1926
Saxby Chambliss [R],S. 1926
Thad Cochran [R],S. 1926
Susan Collins [R],S. 1926
Richard Durbin [D],S. 1926
Dianne Feinstein [D],S. 1926
Lindsey Graham [R],S. 1926
Thomas Harkin [D],S. 1926
Tim Johnson [D],S. 1926
Mary Landrieu [D],S. 1926
Patrick Leahy [D],S. 1926
Carl Levin [D],S. 1926
Barbara Mikulski [D],S. 1926
Lisa Murkowski [R],S. 1926
Patty Murray [D],S. 1926
Bill Nelson [D],S. 1926
Mark Pryor [D],S. 1926
John Reed [D],S. 1926
Harry Reid [D],S. 1926
John Rockefeller IV [D],S. 1926
Charles Schumer [D],S. 1926
Debbie Stabenow [D],S. 1926
Ron Wyden [D],S. 1926
Tammy Baldwin [D],S. 1926
Roy Blunt [R],S. 1926
Richard Burr [R],S. 1926
Benjamin Cardin [D],S. 1926
John Isakson [R],S. 1926
Edward Markey [D],S. 1926
Robert Menendez [D],S. 1926
Bernard Sanders [I],S. 1926
Mark Udall [D],S. 1926
Tom Udall [D],S. 1926
David Vitter [R],S. 1926
Roger Wicker [R],S. 1926
Christopher Murphy [D],S. 1926
Mazie Hirono [D],S. 1926
Joe Donnelly [D],S. 1926
Kirsten Gillibrand [D],S. 1926
Amy Klobuchar [D],S. 1926
Claire McCaskill [D],S. 1926
Jon Tester [D],S. 1926
Robert Casey Jr. [D],S. 1926
Sheldon Whitehouse [D],S. 1926
Martin Heinrich [D],S. 1926
Mike Johanns [R],S. 1926
Mark Warner [D],S. 1926
Jeanne Shaheen [D],S. 1926
Kay Hagan [D],S. 1926
Jeff Merkley [D],S. 1926
Mark Begich [D],S. 1926
Michael Bennet [D],S. 1926
Alan Franken [D],S. 1926
Chris Coons [D],S. 1926
Joe Manchin III [D],S. 1926
Tim Scott [R],S. 1926
Richard Blumenthal [D],S. 1926
Marco Rubio [R],S. 1926
John Hoeven [R],S. 1926
Brian Schatz [D],S. 1926
Elizabeth Warren [D],S. 1926
Angus King [I],S. 1926
Heidi Heitkamp [D],S. 1926
Timothy Kaine [D],S. 1926
Cory Booker [D],S. 1926
