Senator,legislation
"Sen. Max Baucus [D, 1978-2014]",S. 815
Sen. Barbara Boxer [D],S. 815
Sen. Maria Cantwell [D],S. 815
Sen. Thomas Carper [D],S. 815
"Sen. Susan Collins [R, 1997-2020]",S. 815
"Sen. Richard Durbin [D, 1997-2020]",S. 815
Sen. Dianne Feinstein [D],S. 815
"Sen. Thomas “Tom” Harkin [D, 1985-2014]",S. 815
Sen. Orrin Hatch [R],S. 815
"Sen. Tim Johnson [D, 1997-2014]",S. 815
"Sen. Mary Landrieu [D, 1997-2014]",S. 815
Sen. Patrick Leahy [D],S. 815
"Sen. Carl Levin [D, 1979-2014]",S. 815
Sen. John McCain [R],S. 815
Sen. Barbara Mikulski [D],S. 815
Sen. Lisa Murkowski [R],S. 815
Sen. Patty Murray [D],S. 815
Sen. Bill Nelson [D],S. 815
"Sen. Mark Pryor [D, 2003-2014]",S. 815
"Sen. John “Jack” Reed [D, 1997-2020]",S. 815
Sen. Harry Reid [D],S. 815
"Sen. John “Jay” Rockefeller IV [D, 1985-2014]",S. 815
Sen. Charles “Chuck” Schumer [D],S. 815
Sen. Debbie Stabenow [D],S. 815
Sen. Ron Wyden [D],S. 815
Sen. Tammy Baldwin [D],S. 815
Sen. Sherrod Brown [D],S. 815
Sen. Benjamin Cardin [D],S. 815
Sen. Jeff Flake [R],S. 815
Sen. Mark Kirk [R],S. 815
"Sen. Edward “Ed” Markey [D, 2013-2020]",S. 815
Sen. Robert “Bob” Menéndez [D],S. 815
Sen. Robert “Rob” Portman [R],S. 815
Sen. Bernard “Bernie” Sanders [I],S. 815
Sen. Patrick “Pat” Toomey [R],S. 815
"Sen. Mark Udall [D, 2009-2014]",S. 815
"Sen. Tom Udall [D, 2009-2020]",S. 815
Sen. Christopher Murphy [D],S. 815
Sen. Mazie Hirono [D],S. 815
Sen. Joe Donnelly [D],S. 815
Sen. Dean Heller [R],S. 815
Sen. Kirsten Gillibrand [D],S. 815
Sen. Amy Klobuchar [D],S. 815
Sen. Claire McCaskill [D],S. 815
Sen. Jon Tester [D],S. 815
Sen. Sheldon Whitehouse [D],S. 815
Sen. Martin Heinrich [D],S. 815
"Sen. Mark Warner [D, 2009-2020]",S. 815
"Sen. Jeanne Shaheen [D, 2009-2020]",S. 815
"Sen. Kay Hagan [D, 2009-2014]",S. 815
"Sen. Jeff Merkley [D, 2009-2020]",S. 815
"Sen. Mark Begich [D, 2009-2014]",S. 815
Sen. Michael Bennet [D],S. 815
"Sen. Alan “Al” Franken [D, 2009-2020]",S. 815
"Sen. Chris Coons [D, 2010-2020]",S. 815
Sen. Joe Manchin III [D],S. 815
Sen. Richard Blumenthal [D],S. 815
Sen. Kelly Ayotte [R],S. 815
"Sen. Brian Schatz [D, 2012-2016]",S. 815
Sen. Elizabeth Warren [D],S. 815
Sen. Angus King [I],S. 815
Sen. Heidi Heitkamp [D],S. 815
Sen. Timothy Kaine [D],S. 815
"Sen. Cory Booker [D, 2013-2020]",S. 815
"Sen. Lamar Alexander [R, 2003-2020]",H.R. 2775
"Sen. Max Baucus [D, 1978-2014]",H.R. 2775
Sen. Barbara Boxer [D],H.R. 2775
Sen. Maria Cantwell [D],H.R. 2775
Sen. Thomas Carper [D],H.R. 2775
"Sen. Saxby Chambliss [R, 2003-2014]",H.R. 2775
"Sen. Thad Cochran [R, 1979-2020]",H.R. 2775
"Sen. Susan Collins [R, 1997-2020]",H.R. 2775
"Sen. Richard Durbin [D, 1997-2020]",H.R. 2775
Sen. Dianne Feinstein [D],H.R. 2775
"Sen. Lindsey Graham [R, 2003-2020]",H.R. 2775
"Sen. Thomas “Tom” Harkin [D, 1985-2014]",H.R. 2775
Sen. Orrin Hatch [R],H.R. 2775
"Sen. Tim Johnson [D, 1997-2014]",H.R. 2775
"Sen. Mary Landrieu [D, 1997-2014]",H.R. 2775
Sen. Patrick Leahy [D],H.R. 2775
"Sen. Carl Levin [D, 1979-2014]",H.R. 2775
Sen. John McCain [R],H.R. 2775
"Sen. Mitch McConnell [R, 1985-2020]",H.R. 2775
Sen. Barbara Mikulski [D],H.R. 2775
Sen. Lisa Murkowski [R],H.R. 2775
Sen. Patty Murray [D],H.R. 2775
Sen. Bill Nelson [D],H.R. 2775
"Sen. Mark Pryor [D, 2003-2014]",H.R. 2775
"Sen. John “Jack” Reed [D, 1997-2020]",H.R. 2775
Sen. Harry Reid [D],H.R. 2775
"Sen. John “Jay” Rockefeller IV [D, 1985-2014]",H.R. 2775
Sen. Charles “Chuck” Schumer [D],H.R. 2775
Sen. Debbie Stabenow [D],H.R. 2775
Sen. Ron Wyden [D],H.R. 2775
Sen. Tammy Baldwin [D],H.R. 2775
Sen. Roy Blunt [R],H.R. 2775
Sen. John Boozman [R],H.R. 2775
Sen. Sherrod Brown [D],H.R. 2775
Sen. Richard Burr [R],H.R. 2775
Sen. Benjamin Cardin [D],H.R. 2775
Sen. Jeff Flake [R],H.R. 2775
Sen. John “Johnny” Isakson [R],H.R. 2775
Sen. Mark Kirk [R],H.R. 2775
"Sen. Edward “Ed” Markey [D, 2013-2020]",H.R. 2775
Sen. Robert “Bob” Menéndez [D],H.R. 2775
Sen. Jerry Moran [R],H.R. 2775
Sen. Robert “Rob” Portman [R],H.R. 2775
Sen. Bernard “Bernie” Sanders [I],H.R. 2775
"Sen. Mark Udall [D, 2009-2014]",H.R. 2775
"Sen. Tom Udall [D, 2009-2020]",H.R. 2775
Sen. Roger Wicker [R],H.R. 2775
Sen. John Thune [R],H.R. 2775
Sen. Daniel Coats [R],H.R. 2775
Sen. Christopher Murphy [D],H.R. 2775
Sen. Mazie Hirono [D],H.R. 2775
Sen. Joe Donnelly [D],H.R. 2775
Sen. Kirsten Gillibrand [D],H.R. 2775
Sen. Amy Klobuchar [D],H.R. 2775
Sen. Claire McCaskill [D],H.R. 2775
Sen. Jon Tester [D],H.R. 2775
Sen. Robert “Bob” Casey Jr. [D],H.R. 2775
Sen. Sheldon Whitehouse [D],H.R. 2775
Sen. Bob Corker [R],H.R. 2775
Sen. John Barrasso [R],H.R. 2775
Sen. Martin Heinrich [D],H.R. 2775
"Sen. Mike Johanns [R, 2009-2014]",H.R. 2775
"Sen. Mark Warner [D, 2009-2020]",H.R. 2775
"Sen. Jeanne Shaheen [D, 2009-2020]",H.R. 2775
"Sen. Kay Hagan [D, 2009-2014]",H.R. 2775
"Sen. Jeff Merkley [D, 2009-2020]",H.R. 2775
"Sen. Mark Begich [D, 2009-2014]",H.R. 2775
Sen. Michael Bennet [D],H.R. 2775
"Sen. Alan “Al” Franken [D, 2009-2020]",H.R. 2775
"Sen. Chris Coons [D, 2010-2020]",H.R. 2775
Sen. Joe Manchin III [D],H.R. 2775
Sen. Richard Blumenthal [D],H.R. 2775
Sen. Kelly Ayotte [R],H.R. 2775
Sen. John Hoeven [R],H.R. 2775
"Sen. Brian Schatz [D, 2012-2016]",H.R. 2775
Sen. Elizabeth Warren [D],H.R. 2775
Sen. Angus King [I],H.R. 2775
Sen. Heidi Heitkamp [D],H.R. 2775
Sen. Deb Fischer [R],H.R. 2775
Sen. Timothy Kaine [D],H.R. 2775
"Sen. Jeffrey Chiesa [R, 2013-2013]",H.R. 2775
"Sen. Lamar Alexander [R, 2003-2020]",H.R. 527
"Sen. Max Baucus [D, 1978-2014]",H.R. 527
Sen. Barbara Boxer [D],H.R. 527
Sen. Maria Cantwell [D],H.R. 527
Sen. Thomas Carper [D],H.R. 527
"Sen. Saxby Chambliss [R, 2003-2014]",H.R. 527
"Sen. Thad Cochran [R, 1979-2020]",H.R. 527
"Sen. Susan Collins [R, 1997-2020]",H.R. 527
"Sen. John Cornyn [R, 2002-2020]",H.R. 527
Sen. Michael Crapo [R],H.R. 527
"Sen. Richard Durbin [D, 1997-2020]",H.R. 527
"Sen. Michael Enzi [R, 1997-2020]",H.R. 527
Sen. Dianne Feinstein [D],H.R. 527
"Sen. Lindsey Graham [R, 2003-2020]",H.R. 527
Sen. Charles “Chuck” Grassley [R],H.R. 527
"Sen. Thomas “Tom” Harkin [D, 1985-2014]",H.R. 527
Sen. Orrin Hatch [R],H.R. 527
"Sen. James “Jim” Inhofe [R, 1994-2020]",H.R. 527
"Sen. Tim Johnson [D, 1997-2014]",H.R. 527
"Sen. Mary Landrieu [D, 1997-2014]",H.R. 527
Sen. Patrick Leahy [D],H.R. 527
"Sen. Carl Levin [D, 1979-2014]",H.R. 527
Sen. John McCain [R],H.R. 527
"Sen. Mitch McConnell [R, 1985-2020]",H.R. 527
Sen. Barbara Mikulski [D],H.R. 527
Sen. Lisa Murkowski [R],H.R. 527
Sen. Patty Murray [D],H.R. 527
Sen. Bill Nelson [D],H.R. 527
"Sen. Mark Pryor [D, 2003-2014]",H.R. 527
"Sen. John “Jack” Reed [D, 1997-2020]",H.R. 527
Sen. Harry Reid [D],H.R. 527
"Sen. Pat Roberts [R, 1997-2020]",H.R. 527
"Sen. John “Jay” Rockefeller IV [D, 1985-2014]",H.R. 527
Sen. Charles “Chuck” Schumer [D],H.R. 527
Sen. Richard Shelby [R],H.R. 527
Sen. Debbie Stabenow [D],H.R. 527
Sen. Ron Wyden [D],H.R. 527
Sen. Tammy Baldwin [D],H.R. 527
Sen. Roy Blunt [R],H.R. 527
Sen. John Boozman [R],H.R. 527
Sen. Sherrod Brown [D],H.R. 527
Sen. Richard Burr [R],H.R. 527
Sen. Benjamin Cardin [D],H.R. 527
Sen. Jeff Flake [R],H.R. 527
Sen. John “Johnny” Isakson [R],H.R. 527
Sen. Mark Kirk [R],H.R. 527
"Sen. Edward “Ed” Markey [D, 2013-2020]",H.R. 527
Sen. Robert “Bob” Menéndez [D],H.R. 527
Sen. Jerry Moran [R],H.R. 527
Sen. Robert “Rob” Portman [R],H.R. 527
Sen. Bernard “Bernie” Sanders [I],H.R. 527
Sen. Patrick “Pat” Toomey [R],H.R. 527
"Sen. Mark Udall [D, 2009-2014]",H.R. 527
"Sen. Tom Udall [D, 2009-2020]",H.R. 527
Sen. David Vitter [R],H.R. 527
Sen. Roger Wicker [R],H.R. 527
Sen. John Thune [R],H.R. 527
"Sen. Thomas Coburn [R, 2005-2014]",H.R. 527
Sen. Daniel Coats [R],H.R. 527
Sen. Christopher Murphy [D],H.R. 527
Sen. Mazie Hirono [D],H.R. 527
Sen. Joe Donnelly [D],H.R. 527
Sen. Dean Heller [R],H.R. 527
Sen. Kirsten Gillibrand [D],H.R. 527
Sen. Amy Klobuchar [D],H.R. 527
Sen. Claire McCaskill [D],H.R. 527
Sen. Jon Tester [D],H.R. 527
Sen. Robert “Bob” Casey Jr. [D],H.R. 527
Sen. Sheldon Whitehouse [D],H.R. 527
Sen. Bob Corker [R],H.R. 527
Sen. John Barrasso [R],H.R. 527
Sen. Martin Heinrich [D],H.R. 527
"Sen. Mike Johanns [R, 2009-2014]",H.R. 527
"Sen. Mark Warner [D, 2009-2020]",H.R. 527
"Sen. James Risch [R, 2009-2020]",H.R. 527
"Sen. Jeanne Shaheen [D, 2009-2020]",H.R. 527
"Sen. Kay Hagan [D, 2009-2014]",H.R. 527
"Sen. Jeff Merkley [D, 2009-2020]",H.R. 527
"Sen. Mark Begich [D, 2009-2014]",H.R. 527
Sen. Michael Bennet [D],H.R. 527
"Sen. Alan “Al” Franken [D, 2009-2020]",H.R. 527
"Sen. Chris Coons [D, 2010-2020]",H.R. 527
Sen. Joe Manchin III [D],H.R. 527
"Sen. Tim Scott [R, 2013-2016]",H.R. 527
Sen. Richard Blumenthal [D],H.R. 527
Sen. Rand Paul [R],H.R. 527
Sen. Kelly Ayotte [R],H.R. 527
Sen. John Hoeven [R],H.R. 527
Sen. Mike Lee [R],H.R. 527
Sen. Ron Johnson [R],H.R. 527
"Sen. Brian Schatz [D, 2012-2016]",H.R. 527
Sen. Elizabeth Warren [D],H.R. 527
Sen. Angus King [I],H.R. 527
Sen. Heidi Heitkamp [D],H.R. 527
Sen. Deb Fischer [R],H.R. 527
Sen. Timothy Kaine [D],H.R. 527
"Sen. Jeffrey Chiesa [R, 2013-2013]",H.R. 527
"Sen. Lamar Alexander [R, 2003-2020]",H.R. 1911
"Sen. Max Baucus [D, 1978-2014]",H.R. 1911
Sen. Maria Cantwell [D],H.R. 1911
Sen. Thomas Carper [D],H.R. 1911
"Sen. Saxby Chambliss [R, 2003-2014]",H.R. 1911
"Sen. Thad Cochran [R, 1979-2020]",H.R. 1911
"Sen. Susan Collins [R, 1997-2020]",H.R. 1911
"Sen. John Cornyn [R, 2002-2020]",H.R. 1911
Sen. Michael Crapo [R],H.R. 1911
"Sen. Richard Durbin [D, 1997-2020]",H.R. 1911
"Sen. Michael Enzi [R, 1997-2020]",H.R. 1911
Sen. Dianne Feinstein [D],H.R. 1911
"Sen. Lindsey Graham [R, 2003-2020]",H.R. 1911
Sen. Charles “Chuck” Grassley [R],H.R. 1911
"Sen. Thomas “Tom” Harkin [D, 1985-2014]",H.R. 1911
Sen. Orrin Hatch [R],H.R. 1911
"Sen. James “Jim” Inhofe [R, 1994-2020]",H.R. 1911
"Sen. Tim Johnson [D, 1997-2014]",H.R. 1911
"Sen. Mary Landrieu [D, 1997-2014]",H.R. 1911
"Sen. Carl Levin [D, 1979-2014]",H.R. 1911
Sen. John McCain [R],H.R. 1911
"Sen. Mitch McConnell [R, 1985-2020]",H.R. 1911
Sen. Barbara Mikulski [D],H.R. 1911
Sen. Lisa Murkowski [R],H.R. 1911
Sen. Patty Murray [D],H.R. 1911
Sen. Bill Nelson [D],H.R. 1911
"Sen. Mark Pryor [D, 2003-2014]",H.R. 1911
Sen. Harry Reid [D],H.R. 1911
"Sen. Pat Roberts [R, 1997-2020]",H.R. 1911
"Sen. John “Jay” Rockefeller IV [D, 1985-2014]",H.R. 1911
Sen. Charles “Chuck” Schumer [D],H.R. 1911
"Sen. Jefferson “Jeff” Sessions [R, 1997-2020]",H.R. 1911
Sen. Richard Shelby [R],H.R. 1911
Sen. Ron Wyden [D],H.R. 1911
Sen. Roy Blunt [R],H.R. 1911
Sen. John Boozman [R],H.R. 1911
Sen. Richard Burr [R],H.R. 1911
Sen. Jeff Flake [R],H.R. 1911
Sen. John “Johnny” Isakson [R],H.R. 1911
Sen. Mark Kirk [R],H.R. 1911
Sen. Jerry Moran [R],H.R. 1911
Sen. Robert “Rob” Portman [R],H.R. 1911
Sen. Patrick “Pat” Toomey [R],H.R. 1911
"Sen. Mark Udall [D, 2009-2014]",H.R. 1911
Sen. David Vitter [R],H.R. 1911
Sen. Roger Wicker [R],H.R. 1911
Sen. John Thune [R],H.R. 1911
"Sen. Thomas Coburn [R, 2005-2014]",H.R. 1911
Sen. Daniel Coats [R],H.R. 1911
Sen. Joe Donnelly [D],H.R. 1911
Sen. Dean Heller [R],H.R. 1911
Sen. Amy Klobuchar [D],H.R. 1911
Sen. Jon Tester [D],H.R. 1911
Sen. Robert “Bob” Casey Jr. [D],H.R. 1911
Sen. Bob Corker [R],H.R. 1911
Sen. John Barrasso [R],H.R. 1911
Sen. Martin Heinrich [D],H.R. 1911
"Sen. Mike Johanns [R, 2009-2014]",H.R. 1911
"Sen. Mark Warner [D, 2009-2020]",H.R. 1911
"Sen. James Risch [R, 2009-2020]",H.R. 1911
"Sen. Jeanne Shaheen [D, 2009-2020]",H.R. 1911
"Sen. Kay Hagan [D, 2009-2014]",H.R. 1911
"Sen. Jeff Merkley [D, 2009-2020]",H.R. 1911
"Sen. Mark Begich [D, 2009-2014]",H.R. 1911
Sen. Michael Bennet [D],H.R. 1911
"Sen. Alan “Al” Franken [D, 2009-2020]",H.R. 1911
"Sen. Chris Coons [D, 2010-2020]",H.R. 1911
Sen. Joe Manchin III [D],H.R. 1911
"Sen. Tim Scott [R, 2013-2016]",H.R. 1911
Sen. Marco Rubio [R],H.R. 1911
Sen. Rand Paul [R],H.R. 1911
Sen. Kelly Ayotte [R],H.R. 1911
Sen. John Hoeven [R],H.R. 1911
Sen. Ron Johnson [R],H.R. 1911
"Sen. Brian Schatz [D, 2012-2016]",H.R. 1911
Sen. Angus King [I],H.R. 1911
Sen. Heidi Heitkamp [D],H.R. 1911
Sen. Deb Fischer [R],H.R. 1911
Sen. Ted Cruz [R],H.R. 1911
Sen. Timothy Kaine [D],H.R. 1911
"Sen. Jeffrey Chiesa [R, 2013-2013]",H.R. 1911
"Sen. Lamar Alexander [R, 2003-2020]",S. 744
"Sen. Max Baucus [D, 1978-2014]",S. 744
Sen. Barbara Boxer [D],S. 744
Sen. Maria Cantwell [D],S. 744
Sen. Thomas Carper [D],S. 744
"Sen. Susan Collins [R, 1997-2020]",S. 744
"Sen. Richard Durbin [D, 1997-2020]",S. 744
Sen. Dianne Feinstein [D],S. 744
"Sen. Lindsey Graham [R, 2003-2020]",S. 744
"Sen. Thomas “Tom” Harkin [D, 1985-2014]",S. 744
Sen. Orrin Hatch [R],S. 744
"Sen. Tim Johnson [D, 1997-2014]",S. 744
"Sen. Mary Landrieu [D, 1997-2014]",S. 744
Sen. Patrick Leahy [D],S. 744
"Sen. Carl Levin [D, 1979-2014]",S. 744
Sen. John McCain [R],S. 744
Sen. Barbara Mikulski [D],S. 744
Sen. Lisa Murkowski [R],S. 744
Sen. Patty Murray [D],S. 744
Sen. Bill Nelson [D],S. 744
"Sen. Mark Pryor [D, 2003-2014]",S. 744
"Sen. John “Jack” Reed [D, 1997-2020]",S. 744
Sen. Harry Reid [D],S. 744
"Sen. John “Jay” Rockefeller IV [D, 1985-2014]",S. 744
Sen. Charles “Chuck” Schumer [D],S. 744
Sen. Debbie Stabenow [D],S. 744
Sen. Ron Wyden [D],S. 744
Sen. Tammy Baldwin [D],S. 744
Sen. Sherrod Brown [D],S. 744
Sen. Benjamin Cardin [D],S. 744
Sen. Jeff Flake [R],S. 744
Sen. Mark Kirk [R],S. 744
Sen. Robert “Bob” Menéndez [D],S. 744
Sen. Bernard “Bernie” Sanders [I],S. 744
"Sen. Mark Udall [D, 2009-2014]",S. 744
"Sen. Tom Udall [D, 2009-2020]",S. 744
Sen. Christopher Murphy [D],S. 744
Sen. Mazie Hirono [D],S. 744
Sen. Joe Donnelly [D],S. 744
Sen. Dean Heller [R],S. 744
Sen. Kirsten Gillibrand [D],S. 744
Sen. Amy Klobuchar [D],S. 744
Sen. Claire McCaskill [D],S. 744
Sen. Jon Tester [D],S. 744
Sen. Robert “Bob” Casey Jr. [D],S. 744
Sen. Sheldon Whitehouse [D],S. 744
Sen. Bob Corker [R],S. 744
Sen. Martin Heinrich [D],S. 744
"Sen. Mark Warner [D, 2009-2020]",S. 744
"Sen. Jeanne Shaheen [D, 2009-2020]",S. 744
"Sen. Kay Hagan [D, 2009-2014]",S. 744
"Sen. Jeff Merkley [D, 2009-2020]",S. 744
"Sen. Mark Begich [D, 2009-2014]",S. 744
Sen. Michael Bennet [D],S. 744
"Sen. Alan “Al” Franken [D, 2009-2020]",S. 744
"Sen. Chris Coons [D, 2010-2020]",S. 744
Sen. Joe Manchin III [D],S. 744
Sen. Richard Blumenthal [D],S. 744
Sen. Marco Rubio [R],S. 744
Sen. Kelly Ayotte [R],S. 744
Sen. John Hoeven [R],S. 744
"Sen. Brian Schatz [D, 2012-2016]",S. 744
Sen. Elizabeth Warren [D],S. 744
Sen. Angus King [I],S. 744
Sen. Heidi Heitkamp [D],S. 744
Sen. Timothy Kaine [D],S. 744
"Sen. William “Mo” Cowan [D, 2013-2013]",S. 744
"Sen. Jeffrey Chiesa [R, 2013-2013]",S. 744
"Sen. Lamar Alexander [R, 2003-2020]",S. 954
"Sen. Max Baucus [D, 1978-2014]",S. 954
Sen. Barbara Boxer [D],S. 954
Sen. Maria Cantwell [D],S. 954
Sen. Thomas Carper [D],S. 954
"Sen. Saxby Chambliss [R, 2003-2014]",S. 954
"Sen. Thad Cochran [R, 1979-2020]",S. 954
"Sen. Susan Collins [R, 1997-2020]",S. 954
"Sen. Richard Durbin [D, 1997-2020]",S. 954
Sen. Dianne Feinstein [D],S. 954
"Sen. Lindsey Graham [R, 2003-2020]",S. 954
Sen. Charles “Chuck” Grassley [R],S. 954
"Sen. Thomas “Tom” Harkin [D, 1985-2014]",S. 954
"Sen. Tim Johnson [D, 1997-2014]",S. 954
"Sen. Mary Landrieu [D, 1997-2014]",S. 954
Sen. Patrick Leahy [D],S. 954
"Sen. Carl Levin [D, 1979-2014]",S. 954
Sen. Barbara Mikulski [D],S. 954
Sen. Patty Murray [D],S. 954
Sen. Bill Nelson [D],S. 954
"Sen. Mark Pryor [D, 2003-2014]",S. 954
Sen. Harry Reid [D],S. 954
"Sen. John “Jay” Rockefeller IV [D, 1985-2014]",S. 954
Sen. Charles “Chuck” Schumer [D],S. 954
Sen. Debbie Stabenow [D],S. 954
Sen. Ron Wyden [D],S. 954
Sen. Tammy Baldwin [D],S. 954
Sen. Roy Blunt [R],S. 954
Sen. John Boozman [R],S. 954
Sen. Sherrod Brown [D],S. 954
Sen. Richard Burr [R],S. 954
Sen. Benjamin Cardin [D],S. 954
Sen. John “Johnny” Isakson [R],S. 954
Sen. Robert “Bob” Menéndez [D],S. 954
Sen. Jerry Moran [R],S. 954
Sen. Bernard “Bernie” Sanders [I],S. 954
"Sen. Tom Udall [D, 2009-2020]",S. 954
Sen. David Vitter [R],S. 954
Sen. Roger Wicker [R],S. 954
Sen. Daniel Coats [R],S. 954
Sen. Christopher Murphy [D],S. 954
Sen. Mazie Hirono [D],S. 954
Sen. Joe Donnelly [D],S. 954
Sen. Kirsten Gillibrand [D],S. 954
Sen. Amy Klobuchar [D],S. 954
Sen. Claire McCaskill [D],S. 954
Sen. Jon Tester [D],S. 954
Sen. Robert “Bob” Casey Jr. [D],S. 954
Sen. Martin Heinrich [D],S. 954
"Sen. Mike Johanns [R, 2009-2014]",S. 954
"Sen. Jeanne Shaheen [D, 2009-2020]",S. 954
"Sen. Kay Hagan [D, 2009-2014]",S. 954
"Sen. Jeff Merkley [D, 2009-2020]",S. 954
Sen. Michael Bennet [D],S. 954
"Sen. Alan “Al” Franken [D, 2009-2020]",S. 954
"Sen. Chris Coons [D, 2010-2020]",S. 954
Sen. Richard Blumenthal [D],S. 954
Sen. John Hoeven [R],S. 954
"Sen. Brian Schatz [D, 2012-2016]",S. 954
Sen. Elizabeth Warren [D],S. 954
Sen. Angus King [I],S. 954
Sen. Heidi Heitkamp [D],S. 954
Sen. Deb Fischer [R],S. 954
Sen. Timothy Kaine [D],S. 954
"Sen. William “Mo” Cowan [D, 2013-2013]",S. 954
"Sen. Jeffrey Chiesa [R, 2013-2013]",S. 954
"Sen. Lamar Alexander [R, 2003-2020]",S. 601
"Sen. Max Baucus [D, 1978-2014]",S. 601
Sen. Barbara Boxer [D],S. 601
Sen. Maria Cantwell [D],S. 601
Sen. Thomas Carper [D],S. 601
"Sen. Saxby Chambliss [R, 2003-2014]",S. 601
"Sen. Thad Cochran [R, 1979-2020]",S. 601
"Sen. Susan Collins [R, 1997-2020]",S. 601
Sen. Michael Crapo [R],S. 601
"Sen. Richard Durbin [D, 1997-2020]",S. 601
"Sen. Michael Enzi [R, 1997-2020]",S. 601
Sen. Dianne Feinstein [D],S. 601
"Sen. Lindsey Graham [R, 2003-2020]",S. 601
Sen. Charles “Chuck” Grassley [R],S. 601
"Sen. Thomas “Tom” Harkin [D, 1985-2014]",S. 601
Sen. Orrin Hatch [R],S. 601
"Sen. James “Jim” Inhofe [R, 1994-2020]",S. 601
"Sen. Tim Johnson [D, 1997-2014]",S. 601
"Sen. Mary Landrieu [D, 1997-2014]",S. 601
"Sen. Carl Levin [D, 1979-2014]",S. 601
"Sen. Mitch McConnell [R, 1985-2020]",S. 601
Sen. Barbara Mikulski [D],S. 601
Sen. Bill Nelson [D],S. 601
"Sen. Mark Pryor [D, 2003-2014]",S. 601
"Sen. John “Jack” Reed [D, 1997-2020]",S. 601
Sen. Harry Reid [D],S. 601
"Sen. Pat Roberts [R, 1997-2020]",S. 601
"Sen. John “Jay” Rockefeller IV [D, 1985-2014]",S. 601
Sen. Charles “Chuck” Schumer [D],S. 601
"Sen. Jefferson “Jeff” Sessions [R, 1997-2020]",S. 601
Sen. Richard Shelby [R],S. 601
Sen. Debbie Stabenow [D],S. 601
Sen. Ron Wyden [D],S. 601
Sen. Tammy Baldwin [D],S. 601
Sen. Roy Blunt [R],S. 601
Sen. John Boozman [R],S. 601
Sen. Sherrod Brown [D],S. 601
Sen. Benjamin Cardin [D],S. 601
Sen. John “Johnny” Isakson [R],S. 601
Sen. Mark Kirk [R],S. 601
Sen. Robert “Bob” Menéndez [D],S. 601
Sen. Jerry Moran [R],S. 601
Sen. Robert “Rob” Portman [R],S. 601
Sen. Bernard “Bernie” Sanders [I],S. 601
Sen. Patrick “Pat” Toomey [R],S. 601
"Sen. Mark Udall [D, 2009-2014]",S. 601
"Sen. Tom Udall [D, 2009-2020]",S. 601
Sen. David Vitter [R],S. 601
Sen. Roger Wicker [R],S. 601
Sen. John Thune [R],S. 601
Sen. Daniel Coats [R],S. 601
Sen. Christopher Murphy [D],S. 601
Sen. Mazie Hirono [D],S. 601
Sen. Joe Donnelly [D],S. 601
Sen. Kirsten Gillibrand [D],S. 601
Sen. Amy Klobuchar [D],S. 601
Sen. Claire McCaskill [D],S. 601
Sen. Jon Tester [D],S. 601
Sen. Robert “Bob” Casey Jr. [D],S. 601
Sen. Sheldon Whitehouse [D],S. 601
Sen. Bob Corker [R],S. 601
Sen. John Barrasso [R],S. 601
Sen. Martin Heinrich [D],S. 601
"Sen. Mike Johanns [R, 2009-2014]",S. 601
"Sen. Mark Warner [D, 2009-2020]",S. 601
"Sen. James Risch [R, 2009-2020]",S. 601
"Sen. Jeanne Shaheen [D, 2009-2020]",S. 601
"Sen. Kay Hagan [D, 2009-2014]",S. 601
"Sen. Jeff Merkley [D, 2009-2020]",S. 601
"Sen. Mark Begich [D, 2009-2014]",S. 601
Sen. Michael Bennet [D],S. 601
"Sen. Alan “Al” Franken [D, 2009-2020]",S. 601
"Sen. Chris Coons [D, 2010-2020]",S. 601
Sen. Joe Manchin III [D],S. 601
Sen. Richard Blumenthal [D],S. 601
Sen. John Hoeven [R],S. 601
"Sen. Brian Schatz [D, 2012-2016]",S. 601
Sen. Elizabeth Warren [D],S. 601
Sen. Angus King [I],S. 601
Sen. Heidi Heitkamp [D],S. 601
Sen. Deb Fischer [R],S. 601
Sen. Timothy Kaine [D],S. 601
"Sen. William “Mo” Cowan [D, 2013-2013]",S. 601
"Sen. Lamar Alexander [R, 2003-2020]",S. 743
Sen. Barbara Boxer [D],S. 743
Sen. Maria Cantwell [D],S. 743
Sen. Thomas Carper [D],S. 743
"Sen. Saxby Chambliss [R, 2003-2014]",S. 743
"Sen. Thad Cochran [R, 1979-2020]",S. 743
"Sen. Susan Collins [R, 1997-2020]",S. 743
"Sen. Richard Durbin [D, 1997-2020]",S. 743
"Sen. Michael Enzi [R, 1997-2020]",S. 743
Sen. Dianne Feinstein [D],S. 743
"Sen. Lindsey Graham [R, 2003-2020]",S. 743
"Sen. Thomas “Tom” Harkin [D, 1985-2014]",S. 743
"Sen. Tim Johnson [D, 1997-2014]",S. 743
"Sen. Mary Landrieu [D, 1997-2014]",S. 743
Sen. Patrick Leahy [D],S. 743
"Sen. Carl Levin [D, 1979-2014]",S. 743
Sen. John McCain [R],S. 743
Sen. Barbara Mikulski [D],S. 743
Sen. Patty Murray [D],S. 743
Sen. Bill Nelson [D],S. 743
"Sen. Mark Pryor [D, 2003-2014]",S. 743
"Sen. John “Jack” Reed [D, 1997-2020]",S. 743
Sen. Harry Reid [D],S. 743
"Sen. John “Jay” Rockefeller IV [D, 1985-2014]",S. 743
Sen. Charles “Chuck” Schumer [D],S. 743
"Sen. Jefferson “Jeff” Sessions [R, 1997-2020]",S. 743
Sen. Richard Shelby [R],S. 743
Sen. Debbie Stabenow [D],S. 743
Sen. Tammy Baldwin [D],S. 743
Sen. Roy Blunt [R],S. 743
Sen. John Boozman [R],S. 743
Sen. Sherrod Brown [D],S. 743
Sen. Richard Burr [R],S. 743
Sen. Benjamin Cardin [D],S. 743
Sen. John “Johnny” Isakson [R],S. 743
Sen. Robert “Bob” Menéndez [D],S. 743
Sen. Robert “Rob” Portman [R],S. 743
Sen. Bernard “Bernie” Sanders [I],S. 743
"Sen. Mark Udall [D, 2009-2014]",S. 743
"Sen. Tom Udall [D, 2009-2020]",S. 743
Sen. Roger Wicker [R],S. 743
Sen. John Thune [R],S. 743
Sen. Daniel Coats [R],S. 743
Sen. Christopher Murphy [D],S. 743
Sen. Mazie Hirono [D],S. 743
Sen. Joe Donnelly [D],S. 743
Sen. Kirsten Gillibrand [D],S. 743
Sen. Amy Klobuchar [D],S. 743
Sen. Claire McCaskill [D],S. 743
Sen. Robert “Bob” Casey Jr. [D],S. 743
Sen. Sheldon Whitehouse [D],S. 743
Sen. Bob Corker [R],S. 743
Sen. Martin Heinrich [D],S. 743
"Sen. Mike Johanns [R, 2009-2014]",S. 743
"Sen. Mark Warner [D, 2009-2020]",S. 743
"Sen. Kay Hagan [D, 2009-2014]",S. 743
Sen. Michael Bennet [D],S. 743
"Sen. Alan “Al” Franken [D, 2009-2020]",S. 743
"Sen. Chris Coons [D, 2010-2020]",S. 743
Sen. Joe Manchin III [D],S. 743
Sen. Richard Blumenthal [D],S. 743
Sen. John Hoeven [R],S. 743
"Sen. Brian Schatz [D, 2012-2016]",S. 743
Sen. Elizabeth Warren [D],S. 743
Sen. Angus King [I],S. 743
Sen. Heidi Heitkamp [D],S. 743
Sen. Deb Fischer [R],S. 743
Sen. Timothy Kaine [D],S. 743
"Sen. William “Mo” Cowan [D, 2013-2013]",S. 743
"Sen. Lamar Alexander [R, 2003-2020]",H.R. 933
"Sen. Max Baucus [D, 1978-2014]",H.R. 933
Sen. Barbara Boxer [D],H.R. 933
Sen. Maria Cantwell [D],H.R. 933
Sen. Thomas Carper [D],H.R. 933
"Sen. Saxby Chambliss [R, 2003-2014]",H.R. 933
"Sen. Thad Cochran [R, 1979-2020]",H.R. 933
"Sen. Susan Collins [R, 1997-2020]",H.R. 933
"Sen. John Cornyn [R, 2002-2020]",H.R. 933
"Sen. Richard Durbin [D, 1997-2020]",H.R. 933
Sen. Dianne Feinstein [D],H.R. 933
"Sen. Thomas “Tom” Harkin [D, 1985-2014]",H.R. 933
Sen. Orrin Hatch [R],H.R. 933
"Sen. Tim Johnson [D, 1997-2014]",H.R. 933
"Sen. Mary Landrieu [D, 1997-2014]",H.R. 933
Sen. Patrick Leahy [D],H.R. 933
"Sen. Carl Levin [D, 1979-2014]",H.R. 933
"Sen. Mitch McConnell [R, 1985-2020]",H.R. 933
Sen. Barbara Mikulski [D],H.R. 933
Sen. Lisa Murkowski [R],H.R. 933
Sen. Patty Murray [D],H.R. 933
Sen. Bill Nelson [D],H.R. 933
"Sen. Mark Pryor [D, 2003-2014]",H.R. 933
"Sen. John “Jack” Reed [D, 1997-2020]",H.R. 933
Sen. Harry Reid [D],H.R. 933
"Sen. John “Jay” Rockefeller IV [D, 1985-2014]",H.R. 933
Sen. Charles “Chuck” Schumer [D],H.R. 933
"Sen. Jefferson “Jeff” Sessions [R, 1997-2020]",H.R. 933
Sen. Richard Shelby [R],H.R. 933
Sen. Debbie Stabenow [D],H.R. 933
Sen. Ron Wyden [D],H.R. 933
Sen. Tammy Baldwin [D],H.R. 933
Sen. Roy Blunt [R],H.R. 933
Sen. John Boozman [R],H.R. 933
Sen. Sherrod Brown [D],H.R. 933
Sen. Benjamin Cardin [D],H.R. 933
Sen. John “Johnny” Isakson [R],H.R. 933
Sen. Robert “Bob” Menéndez [D],H.R. 933
Sen. Bernard “Bernie” Sanders [I],H.R. 933
"Sen. Mark Udall [D, 2009-2014]",H.R. 933
"Sen. Tom Udall [D, 2009-2020]",H.R. 933
Sen. Roger Wicker [R],H.R. 933
Sen. John Thune [R],H.R. 933
Sen. Daniel Coats [R],H.R. 933
Sen. Christopher Murphy [D],H.R. 933
Sen. Mazie Hirono [D],H.R. 933
Sen. Joe Donnelly [D],H.R. 933
Sen. Kirsten Gillibrand [D],H.R. 933
Sen. Amy Klobuchar [D],H.R. 933
Sen. Claire McCaskill [D],H.R. 933
Sen. Robert “Bob” Casey Jr. [D],H.R. 933
Sen. Sheldon Whitehouse [D],H.R. 933
Sen. Bob Corker [R],H.R. 933
Sen. John Barrasso [R],H.R. 933
Sen. Martin Heinrich [D],H.R. 933
"Sen. Mike Johanns [R, 2009-2014]",H.R. 933
"Sen. Mark Warner [D, 2009-2020]",H.R. 933
"Sen. Jeanne Shaheen [D, 2009-2020]",H.R. 933
"Sen. Kay Hagan [D, 2009-2014]",H.R. 933
"Sen. Jeff Merkley [D, 2009-2020]",H.R. 933
"Sen. Mark Begich [D, 2009-2014]",H.R. 933
Sen. Michael Bennet [D],H.R. 933
"Sen. Alan “Al” Franken [D, 2009-2020]",H.R. 933
"Sen. Chris Coons [D, 2010-2020]",H.R. 933
Sen. Joe Manchin III [D],H.R. 933
Sen. Richard Blumenthal [D],H.R. 933
Sen. John Hoeven [R],H.R. 933
"Sen. Brian Schatz [D, 2012-2016]",H.R. 933
Sen. Elizabeth Warren [D],H.R. 933
Sen. Angus King [I],H.R. 933
Sen. Heidi Heitkamp [D],H.R. 933
Sen. Timothy Kaine [D],H.R. 933
"Sen. William “Mo” Cowan [D, 2013-2013]",H.R. 933
"Sen. Lamar Alexander [R, 2003-2020]",S. 47
"Sen. Max Baucus [D, 1978-2014]",S. 47
Sen. Barbara Boxer [D],S. 47
Sen. Maria Cantwell [D],S. 47
Sen. Thomas Carper [D],S. 47
"Sen. Saxby Chambliss [R, 2003-2014]",S. 47
"Sen. Thad Cochran [R, 1979-2020]",S. 47
"Sen. Susan Collins [R, 1997-2020]",S. 47
Sen. Michael Crapo [R],S. 47
"Sen. Richard Durbin [D, 1997-2020]",S. 47
Sen. Dianne Feinstein [D],S. 47
"Sen. Thomas “Tom” Harkin [D, 1985-2014]",S. 47
"Sen. Tim Johnson [D, 1997-2014]",S. 47
"Sen. Mary Landrieu [D, 1997-2014]",S. 47
"Sen. Frank Lautenberg [D, 2003-2013]",S. 47
Sen. Patrick Leahy [D],S. 47
"Sen. Carl Levin [D, 1979-2014]",S. 47
Sen. John McCain [R],S. 47
Sen. Barbara Mikulski [D],S. 47
Sen. Lisa Murkowski [R],S. 47
Sen. Patty Murray [D],S. 47
Sen. Bill Nelson [D],S. 47
"Sen. Mark Pryor [D, 2003-2014]",S. 47
"Sen. John “Jack” Reed [D, 1997-2020]",S. 47
Sen. Harry Reid [D],S. 47
"Sen. John “Jay” Rockefeller IV [D, 1985-2014]",S. 47
Sen. Charles “Chuck” Schumer [D],S. 47
Sen. Richard Shelby [R],S. 47
Sen. Debbie Stabenow [D],S. 47
Sen. Ron Wyden [D],S. 47
Sen. Tammy Baldwin [D],S. 47
Sen. Sherrod Brown [D],S. 47
Sen. Richard Burr [R],S. 47
Sen. Benjamin Cardin [D],S. 47
Sen. Jeff Flake [R],S. 47
Sen. John “Johnny” Isakson [R],S. 47
Sen. Mark Kirk [R],S. 47
Sen. Robert “Bob” Menéndez [D],S. 47
Sen. Jerry Moran [R],S. 47
Sen. Robert “Rob” Portman [R],S. 47
Sen. Bernard “Bernie” Sanders [I],S. 47
Sen. Patrick “Pat” Toomey [R],S. 47
"Sen. Mark Udall [D, 2009-2014]",S. 47
"Sen. Tom Udall [D, 2009-2020]",S. 47
Sen. David Vitter [R],S. 47
Sen. Roger Wicker [R],S. 47
Sen. Daniel Coats [R],S. 47
Sen. Christopher Murphy [D],S. 47
Sen. Mazie Hirono [D],S. 47
Sen. Joe Donnelly [D],S. 47
Sen. Dean Heller [R],S. 47
Sen. Kirsten Gillibrand [D],S. 47
Sen. Amy Klobuchar [D],S. 47
Sen. Claire McCaskill [D],S. 47
Sen. Jon Tester [D],S. 47
Sen. Robert “Bob” Casey Jr. [D],S. 47
Sen. Sheldon Whitehouse [D],S. 47
Sen. Bob Corker [R],S. 47
Sen. Martin Heinrich [D],S. 47
"Sen. Mark Warner [D, 2009-2020]",S. 47
"Sen. Jeanne Shaheen [D, 2009-2020]",S. 47
"Sen. Kay Hagan [D, 2009-2014]",S. 47
"Sen. Jeff Merkley [D, 2009-2020]",S. 47
"Sen. Mark Begich [D, 2009-2014]",S. 47
Sen. Michael Bennet [D],S. 47
"Sen. Alan “Al” Franken [D, 2009-2020]",S. 47
"Sen. Chris Coons [D, 2010-2020]",S. 47
Sen. Joe Manchin III [D],S. 47
Sen. Richard Blumenthal [D],S. 47
Sen. Kelly Ayotte [R],S. 47
Sen. John Hoeven [R],S. 47
"Sen. Brian Schatz [D, 2012-2016]",S. 47
Sen. Elizabeth Warren [D],S. 47
Sen. Angus King [I],S. 47
Sen. Heidi Heitkamp [D],S. 47
Sen. Deb Fischer [R],S. 47
Sen. Timothy Kaine [D],S. 47
"Sen. William “Mo” Cowan [D, 2013-2013]",S. 47
"Sen. Max Baucus [D, 1978-2014]",H.R. 325
Sen. Barbara Boxer [D],H.R. 325
Sen. Maria Cantwell [D],H.R. 325
Sen. Thomas Carper [D],H.R. 325
"Sen. Thad Cochran [R, 1979-2020]",H.R. 325
"Sen. Susan Collins [R, 1997-2020]",H.R. 325
"Sen. Richard Durbin [D, 1997-2020]",H.R. 325
Sen. Dianne Feinstein [D],H.R. 325
"Sen. Lindsey Graham [R, 2003-2020]",H.R. 325
"Sen. Thomas “Tom” Harkin [D, 1985-2014]",H.R. 325
"Sen. Tim Johnson [D, 1997-2014]",H.R. 325
"Sen. Mary Landrieu [D, 1997-2014]",H.R. 325
"Sen. Frank Lautenberg [D, 2003-2013]",H.R. 325
Sen. Patrick Leahy [D],H.R. 325
"Sen. Carl Levin [D, 1979-2014]",H.R. 325
Sen. John McCain [R],H.R. 325
Sen. Barbara Mikulski [D],H.R. 325
Sen. Lisa Murkowski [R],H.R. 325
Sen. Bill Nelson [D],H.R. 325
"Sen. Mark Pryor [D, 2003-2014]",H.R. 325
"Sen. John “Jack” Reed [D, 1997-2020]",H.R. 325
Sen. Harry Reid [D],H.R. 325
"Sen. John “Jay” Rockefeller IV [D, 1985-2014]",H.R. 325
Sen. Charles “Chuck” Schumer [D],H.R. 325
Sen. Richard Shelby [R],H.R. 325
Sen. Debbie Stabenow [D],H.R. 325
Sen. Ron Wyden [D],H.R. 325
Sen. Tammy Baldwin [D],H.R. 325
Sen. Roy Blunt [R],H.R. 325
Sen. Sherrod Brown [D],H.R. 325
Sen. Benjamin Cardin [D],H.R. 325
Sen. Robert “Bob” Menéndez [D],H.R. 325
Sen. Bernard “Bernie” Sanders [I],H.R. 325
"Sen. Mark Udall [D, 2009-2014]",H.R. 325
"Sen. Tom Udall [D, 2009-2020]",H.R. 325
Sen. Roger Wicker [R],H.R. 325
Sen. John Thune [R],H.R. 325
Sen. Christopher Murphy [D],H.R. 325
Sen. Mazie Hirono [D],H.R. 325
Sen. Joe Donnelly [D],H.R. 325
Sen. Dean Heller [R],H.R. 325
Sen. Kirsten Gillibrand [D],H.R. 325
Sen. Amy Klobuchar [D],H.R. 325
Sen. Claire McCaskill [D],H.R. 325
Sen. Jon Tester [D],H.R. 325
Sen. Robert “Bob” Casey Jr. [D],H.R. 325
Sen. Sheldon Whitehouse [D],H.R. 325
Sen. Martin Heinrich [D],H.R. 325
"Sen. Mark Warner [D, 2009-2020]",H.R. 325
"Sen. Jeanne Shaheen [D, 2009-2020]",H.R. 325
"Sen. Kay Hagan [D, 2009-2014]",H.R. 325
"Sen. Jeff Merkley [D, 2009-2020]",H.R. 325
"Sen. Mark Begich [D, 2009-2014]",H.R. 325
Sen. Michael Bennet [D],H.R. 325
"Sen. Alan “Al” Franken [D, 2009-2020]",H.R. 325
"Sen. Chris Coons [D, 2010-2020]",H.R. 325
Sen. Richard Blumenthal [D],H.R. 325
Sen. Kelly Ayotte [R],H.R. 325
Sen. John Hoeven [R],H.R. 325
"Sen. Brian Schatz [D, 2012-2016]",H.R. 325
Sen. Elizabeth Warren [D],H.R. 325
Sen. Angus King [I],H.R. 325
Sen. Heidi Heitkamp [D],H.R. 325
Sen. Timothy Kaine [D],H.R. 325
"Sen. Lamar Alexander [R, 2003-2020]",H.R. 152
"Sen. Max Baucus [D, 1978-2014]",H.R. 152
Sen. Barbara Boxer [D],H.R. 152
Sen. Maria Cantwell [D],H.R. 152
Sen. Thomas Carper [D],H.R. 152
"Sen. Thad Cochran [R, 1979-2020]",H.R. 152
"Sen. Susan Collins [R, 1997-2020]",H.R. 152
"Sen. Richard Durbin [D, 1997-2020]",H.R. 152
Sen. Dianne Feinstein [D],H.R. 152
"Sen. Thomas “Tom” Harkin [D, 1985-2014]",H.R. 152
"Sen. Tim Johnson [D, 1997-2014]",H.R. 152
"Sen. John Kerry [D, 1985-2013]",H.R. 152
"Sen. Mary Landrieu [D, 1997-2014]",H.R. 152
"Sen. Frank Lautenberg [D, 2003-2013]",H.R. 152
Sen. Patrick Leahy [D],H.R. 152
"Sen. Carl Levin [D, 1979-2014]",H.R. 152
Sen. Barbara Mikulski [D],H.R. 152
Sen. Lisa Murkowski [R],H.R. 152
Sen. Bill Nelson [D],H.R. 152
"Sen. Mark Pryor [D, 2003-2014]",H.R. 152
"Sen. John “Jack” Reed [D, 1997-2020]",H.R. 152
Sen. Harry Reid [D],H.R. 152
"Sen. John “Jay” Rockefeller IV [D, 1985-2014]",H.R. 152
Sen. Charles “Chuck” Schumer [D],H.R. 152
Sen. Richard Shelby [R],H.R. 152
Sen. Debbie Stabenow [D],H.R. 152
Sen. Ron Wyden [D],H.R. 152
Sen. Tammy Baldwin [D],H.R. 152
Sen. Sherrod Brown [D],H.R. 152
Sen. Benjamin Cardin [D],H.R. 152
Sen. Robert “Bob” Menéndez [D],H.R. 152
Sen. Bernard “Bernie” Sanders [I],H.R. 152
"Sen. Mark Udall [D, 2009-2014]",H.R. 152
"Sen. Tom Udall [D, 2009-2020]",H.R. 152
Sen. David Vitter [R],H.R. 152
Sen. Roger Wicker [R],H.R. 152
Sen. Christopher Murphy [D],H.R. 152
Sen. Mazie Hirono [D],H.R. 152
Sen. Joe Donnelly [D],H.R. 152
Sen. Dean Heller [R],H.R. 152
Sen. Kirsten Gillibrand [D],H.R. 152
Sen. Amy Klobuchar [D],H.R. 152
Sen. Claire McCaskill [D],H.R. 152
Sen. Jon Tester [D],H.R. 152
Sen. Robert “Bob” Casey Jr. [D],H.R. 152
Sen. Sheldon Whitehouse [D],H.R. 152
Sen. Martin Heinrich [D],H.R. 152
"Sen. Mark Warner [D, 2009-2020]",H.R. 152
"Sen. Jeanne Shaheen [D, 2009-2020]",H.R. 152
"Sen. Kay Hagan [D, 2009-2014]",H.R. 152
"Sen. Jeff Merkley [D, 2009-2020]",H.R. 152
"Sen. Mark Begich [D, 2009-2014]",H.R. 152
Sen. Michael Bennet [D],H.R. 152
"Sen. Alan “Al” Franken [D, 2009-2020]",H.R. 152
"Sen. Chris Coons [D, 2010-2020]",H.R. 152
Sen. Joe Manchin III [D],H.R. 152
Sen. Richard Blumenthal [D],H.R. 152
Sen. John Hoeven [R],H.R. 152
"Sen. Brian Schatz [D, 2012-2016]",H.R. 152
Sen. Elizabeth Warren [D],H.R. 152
Sen. Heidi Heitkamp [D],H.R. 152
Sen. Timothy Kaine [D],H.R. 152
"Sen. Lamar Alexander [R, 2003-2020]",H.R. 5771
Sen. Maria Cantwell [D],H.R. 5771
Sen. Thomas Carper [D],H.R. 5771
"Sen. Susan Collins [R, 1997-2020]",H.R. 5771
"Sen. John Cornyn [R, 2002-2020]",H.R. 5771
"Sen. Richard Durbin [D, 1997-2020]",H.R. 5771
"Sen. Michael Enzi [R, 1997-2020]",H.R. 5771
Sen. Dianne Feinstein [D],H.R. 5771
"Sen. Lindsey Graham [R, 2003-2020]",H.R. 5771
Sen. Charles “Chuck” Grassley [R],H.R. 5771
"Sen. Thomas “Tom” Harkin [D, 1985-2014]",H.R. 5771
Sen. Orrin Hatch [R],H.R. 5771
"Sen. James “Jim” Inhofe [R, 1994-2020]",H.R. 5771
"Sen. Tim Johnson [D, 1997-2014]",H.R. 5771
"Sen. Mary Landrieu [D, 1997-2014]",H.R. 5771
"Sen. Carl Levin [D, 1979-2014]",H.R. 5771
Sen. John McCain [R],H.R. 5771
"Sen. Mitch McConnell [R, 1985-2020]",H.R. 5771
Sen. Barbara Mikulski [D],H.R. 5771
Sen. Lisa Murkowski [R],H.R. 5771
Sen. Patty Murray [D],H.R. 5771
Sen. Bill Nelson [D],H.R. 5771
"Sen. Mark Pryor [D, 2003-2014]",H.R. 5771
"Sen. John “Jack” Reed [D, 1997-2020]",H.R. 5771
Sen. Harry Reid [D],H.R. 5771
"Sen. Pat Roberts [R, 1997-2020]",H.R. 5771
"Sen. John “Jay” Rockefeller IV [D, 1985-2014]",H.R. 5771
Sen. Charles “Chuck” Schumer [D],H.R. 5771
Sen. Richard Shelby [R],H.R. 5771
Sen. Debbie Stabenow [D],H.R. 5771
Sen. Tammy Baldwin [D],H.R. 5771
Sen. Roy Blunt [R],H.R. 5771
Sen. John Boozman [R],H.R. 5771
Sen. Richard Burr [R],H.R. 5771
Sen. Benjamin Cardin [D],H.R. 5771
Sen. John “Johnny” Isakson [R],H.R. 5771
"Sen. Edward “Ed” Markey [D, 2013-2020]",H.R. 5771
Sen. Robert “Bob” Menéndez [D],H.R. 5771
Sen. Jerry Moran [R],H.R. 5771
"Sen. Mark Udall [D, 2009-2014]",H.R. 5771
"Sen. Tom Udall [D, 2009-2020]",H.R. 5771
Sen. David Vitter [R],H.R. 5771
Sen. Roger Wicker [R],H.R. 5771
Sen. John Thune [R],H.R. 5771
Sen. Christopher Murphy [D],H.R. 5771
Sen. Mazie Hirono [D],H.R. 5771
Sen. Joe Donnelly [D],H.R. 5771
Sen. Dean Heller [R],H.R. 5771
Sen. Kirsten Gillibrand [D],H.R. 5771
Sen. Amy Klobuchar [D],H.R. 5771
Sen. Claire McCaskill [D],H.R. 5771
Sen. Jon Tester [D],H.R. 5771
Sen. Robert “Bob” Casey Jr. [D],H.R. 5771
Sen. Bob Corker [R],H.R. 5771
Sen. John Barrasso [R],H.R. 5771
Sen. Martin Heinrich [D],H.R. 5771
"Sen. Mark Warner [D, 2009-2020]",H.R. 5771
"Sen. Jeanne Shaheen [D, 2009-2020]",H.R. 5771
"Sen. Kay Hagan [D, 2009-2014]",H.R. 5771
"Sen. Mark Begich [D, 2009-2014]",H.R. 5771
"Sen. Alan “Al” Franken [D, 2009-2020]",H.R. 5771
"Sen. Chris Coons [D, 2010-2020]",H.R. 5771
Sen. Richard Blumenthal [D],H.R. 5771
Sen. Marco Rubio [R],H.R. 5771
Sen. Rand Paul [R],H.R. 5771
Sen. Kelly Ayotte [R],H.R. 5771
Sen. John Hoeven [R],H.R. 5771
Sen. Ron Johnson [R],H.R. 5771
"Sen. Brian Schatz [D, 2012-2016]",H.R. 5771
Sen. Angus King [I],H.R. 5771
Sen. Heidi Heitkamp [D],H.R. 5771
Sen. Deb Fischer [R],H.R. 5771
Sen. Ted Cruz [R],H.R. 5771
Sen. Timothy Kaine [D],H.R. 5771
"Sen. Cory Booker [D, 2013-2020]",H.R. 5771
"Sen. John Walsh [D, 2014-2014]",H.R. 5771
Sen. Barbara Boxer [D],H.R. 5021
Sen. Maria Cantwell [D],H.R. 5021
Sen. Thomas Carper [D],H.R. 5021
"Sen. Saxby Chambliss [R, 2003-2014]",H.R. 5021
"Sen. Thad Cochran [R, 1979-2020]",H.R. 5021
"Sen. Susan Collins [R, 1997-2020]",H.R. 5021
"Sen. Richard Durbin [D, 1997-2020]",H.R. 5021
"Sen. Michael Enzi [R, 1997-2020]",H.R. 5021
Sen. Dianne Feinstein [D],H.R. 5021
"Sen. Lindsey Graham [R, 2003-2020]",H.R. 5021
Sen. Charles “Chuck” Grassley [R],H.R. 5021
"Sen. Thomas “Tom” Harkin [D, 1985-2014]",H.R. 5021
"Sen. James “Jim” Inhofe [R, 1994-2020]",H.R. 5021
"Sen. Tim Johnson [D, 1997-2014]",H.R. 5021
"Sen. Mary Landrieu [D, 1997-2014]",H.R. 5021
Sen. Patrick Leahy [D],H.R. 5021
"Sen. Carl Levin [D, 1979-2014]",H.R. 5021
"Sen. Mitch McConnell [R, 1985-2020]",H.R. 5021
Sen. Barbara Mikulski [D],H.R. 5021
Sen. Lisa Murkowski [R],H.R. 5021
Sen. Patty Murray [D],H.R. 5021
Sen. Bill Nelson [D],H.R. 5021
"Sen. Mark Pryor [D, 2003-2014]",H.R. 5021
"Sen. John “Jack” Reed [D, 1997-2020]",H.R. 5021
Sen. Harry Reid [D],H.R. 5021
"Sen. John “Jay” Rockefeller IV [D, 1985-2014]",H.R. 5021
Sen. Charles “Chuck” Schumer [D],H.R. 5021
Sen. Debbie Stabenow [D],H.R. 5021
Sen. Ron Wyden [D],H.R. 5021
Sen. Tammy Baldwin [D],H.R. 5021
Sen. Roy Blunt [R],H.R. 5021
Sen. John Boozman [R],H.R. 5021
Sen. Sherrod Brown [D],H.R. 5021
Sen. Benjamin Cardin [D],H.R. 5021
Sen. John “Johnny” Isakson [R],H.R. 5021
Sen. Mark Kirk [R],H.R. 5021
"Sen. Edward “Ed” Markey [D, 2013-2020]",H.R. 5021
Sen. Robert “Bob” Menéndez [D],H.R. 5021
Sen. Jerry Moran [R],H.R. 5021
Sen. Bernard “Bernie” Sanders [I],H.R. 5021
"Sen. Mark Udall [D, 2009-2014]",H.R. 5021
"Sen. Tom Udall [D, 2009-2020]",H.R. 5021
Sen. David Vitter [R],H.R. 5021
Sen. Roger Wicker [R],H.R. 5021
Sen. John Thune [R],H.R. 5021
Sen. Daniel Coats [R],H.R. 5021
Sen. Christopher Murphy [D],H.R. 5021
Sen. Mazie Hirono [D],H.R. 5021
Sen. Joe Donnelly [D],H.R. 5021
Sen. Dean Heller [R],H.R. 5021
Sen. Kirsten Gillibrand [D],H.R. 5021
Sen. Amy Klobuchar [D],H.R. 5021
Sen. Claire McCaskill [D],H.R. 5021
Sen. Jon Tester [D],H.R. 5021
Sen. Robert “Bob” Casey Jr. [D],H.R. 5021
Sen. Sheldon Whitehouse [D],H.R. 5021
Sen. Bob Corker [R],H.R. 5021
Sen. John Barrasso [R],H.R. 5021
Sen. Martin Heinrich [D],H.R. 5021
"Sen. Mike Johanns [R, 2009-2014]",H.R. 5021
"Sen. Mark Warner [D, 2009-2020]",H.R. 5021
"Sen. Jeanne Shaheen [D, 2009-2020]",H.R. 5021
"Sen. Kay Hagan [D, 2009-2014]",H.R. 5021
"Sen. Jeff Merkley [D, 2009-2020]",H.R. 5021
"Sen. Mark Begich [D, 2009-2014]",H.R. 5021
Sen. Michael Bennet [D],H.R. 5021
"Sen. Alan “Al” Franken [D, 2009-2020]",H.R. 5021
"Sen. Chris Coons [D, 2010-2020]",H.R. 5021
Sen. Joe Manchin III [D],H.R. 5021
Sen. Richard Blumenthal [D],H.R. 5021
Sen. Kelly Ayotte [R],H.R. 5021
Sen. John Hoeven [R],H.R. 5021
Sen. Elizabeth Warren [D],H.R. 5021
Sen. Angus King [I],H.R. 5021
Sen. Heidi Heitkamp [D],H.R. 5021
Sen. Deb Fischer [R],H.R. 5021
Sen. Timothy Kaine [D],H.R. 5021
"Sen. Cory Booker [D, 2013-2020]",H.R. 5021
"Sen. John Walsh [D, 2014-2014]",H.R. 5021
Sen. Barbara Boxer [D],S. 2244
Sen. Maria Cantwell [D],S. 2244
Sen. Thomas Carper [D],S. 2244
"Sen. Saxby Chambliss [R, 2003-2014]",S. 2244
"Sen. Thad Cochran [R, 1979-2020]",S. 2244
"Sen. Susan Collins [R, 1997-2020]",S. 2244
"Sen. John Cornyn [R, 2002-2020]",S. 2244
Sen. Michael Crapo [R],S. 2244
"Sen. Richard Durbin [D, 1997-2020]",S. 2244
"Sen. Michael Enzi [R, 1997-2020]",S. 2244
Sen. Dianne Feinstein [D],S. 2244
"Sen. Lindsey Graham [R, 2003-2020]",S. 2244
Sen. Charles “Chuck” Grassley [R],S. 2244
"Sen. Thomas “Tom” Harkin [D, 1985-2014]",S. 2244
Sen. Orrin Hatch [R],S. 2244
"Sen. James “Jim” Inhofe [R, 1994-2020]",S. 2244
"Sen. Tim Johnson [D, 1997-2014]",S. 2244
"Sen. Mary Landrieu [D, 1997-2014]",S. 2244
Sen. Patrick Leahy [D],S. 2244
"Sen. Carl Levin [D, 1979-2014]",S. 2244
Sen. John McCain [R],S. 2244
"Sen. Mitch McConnell [R, 1985-2020]",S. 2244
Sen. Barbara Mikulski [D],S. 2244
Sen. Lisa Murkowski [R],S. 2244
Sen. Patty Murray [D],S. 2244
Sen. Bill Nelson [D],S. 2244
"Sen. Mark Pryor [D, 2003-2014]",S. 2244
"Sen. John “Jack” Reed [D, 1997-2020]",S. 2244
Sen. Harry Reid [D],S. 2244
"Sen. John “Jay” Rockefeller IV [D, 1985-2014]",S. 2244
Sen. Charles “Chuck” Schumer [D],S. 2244
Sen. Richard Shelby [R],S. 2244
Sen. Debbie Stabenow [D],S. 2244
Sen. Ron Wyden [D],S. 2244
Sen. Tammy Baldwin [D],S. 2244
Sen. Roy Blunt [R],S. 2244
Sen. John Boozman [R],S. 2244
Sen. Sherrod Brown [D],S. 2244
Sen. Richard Burr [R],S. 2244
Sen. Benjamin Cardin [D],S. 2244
Sen. Jeff Flake [R],S. 2244
Sen. John “Johnny” Isakson [R],S. 2244
Sen. Mark Kirk [R],S. 2244
"Sen. Edward “Ed” Markey [D, 2013-2020]",S. 2244
Sen. Robert “Bob” Menéndez [D],S. 2244
Sen. Jerry Moran [R],S. 2244
Sen. Robert “Rob” Portman [R],S. 2244
Sen. Bernard “Bernie” Sanders [I],S. 2244
Sen. Patrick “Pat” Toomey [R],S. 2244
"Sen. Mark Udall [D, 2009-2014]",S. 2244
"Sen. Tom Udall [D, 2009-2020]",S. 2244
Sen. David Vitter [R],S. 2244
Sen. Roger Wicker [R],S. 2244
Sen. John Thune [R],S. 2244
Sen. Daniel Coats [R],S. 2244
Sen. Christopher Murphy [D],S. 2244
Sen. Mazie Hirono [D],S. 2244
Sen. Joe Donnelly [D],S. 2244
Sen. Dean Heller [R],S. 2244
Sen. Kirsten Gillibrand [D],S. 2244
Sen. Amy Klobuchar [D],S. 2244
Sen. Claire McCaskill [D],S. 2244
Sen. Jon Tester [D],S. 2244
Sen. Robert “Bob” Casey Jr. [D],S. 2244
Sen. Sheldon Whitehouse [D],S. 2244
Sen. Bob Corker [R],S. 2244
Sen. John Barrasso [R],S. 2244
Sen. Martin Heinrich [D],S. 2244
"Sen. Mike Johanns [R, 2009-2014]",S. 2244
"Sen. Mark Warner [D, 2009-2020]",S. 2244
"Sen. James Risch [R, 2009-2020]",S. 2244
"Sen. Jeanne Shaheen [D, 2009-2020]",S. 2244
"Sen. Kay Hagan [D, 2009-2014]",S. 2244
"Sen. Jeff Merkley [D, 2009-2020]",S. 2244
"Sen. Mark Begich [D, 2009-2014]",S. 2244
Sen. Michael Bennet [D],S. 2244
"Sen. Alan “Al” Franken [D, 2009-2020]",S. 2244
Sen. Joe Manchin III [D],S. 2244
"Sen. Tim Scott [R, 2013-2016]",S. 2244
Sen. Richard Blumenthal [D],S. 2244
Sen. Rand Paul [R],S. 2244
Sen. Kelly Ayotte [R],S. 2244
Sen. John Hoeven [R],S. 2244
Sen. Mike Lee [R],S. 2244
Sen. Ron Johnson [R],S. 2244
Sen. Elizabeth Warren [D],S. 2244
Sen. Angus King [I],S. 2244
Sen. Heidi Heitkamp [D],S. 2244
Sen. Deb Fischer [R],S. 2244
Sen. Ted Cruz [R],S. 2244
Sen. Timothy Kaine [D],S. 2244
"Sen. Cory Booker [D, 2013-2020]",S. 2244
"Sen. John Walsh [D, 2014-2014]",S. 2244
"Sen. Lamar Alexander [R, 2003-2020]",H.R. 803
Sen. Barbara Boxer [D],H.R. 803
Sen. Maria Cantwell [D],H.R. 803
Sen. Thomas Carper [D],H.R. 803
"Sen. Saxby Chambliss [R, 2003-2014]",H.R. 803
"Sen. Susan Collins [R, 1997-2020]",H.R. 803
"Sen. John Cornyn [R, 2002-2020]",H.R. 803
Sen. Michael Crapo [R],H.R. 803
"Sen. Richard Durbin [D, 1997-2020]",H.R. 803
"Sen. Michael Enzi [R, 1997-2020]",H.R. 803
Sen. Dianne Feinstein [D],H.R. 803
"Sen. Lindsey Graham [R, 2003-2020]",H.R. 803
Sen. Charles “Chuck” Grassley [R],H.R. 803
"Sen. Thomas “Tom” Harkin [D, 1985-2014]",H.R. 803
Sen. Orrin Hatch [R],H.R. 803
"Sen. James “Jim” Inhofe [R, 1994-2020]",H.R. 803
"Sen. Tim Johnson [D, 1997-2014]",H.R. 803
"Sen. Mary Landrieu [D, 1997-2014]",H.R. 803
Sen. Patrick Leahy [D],H.R. 803
"Sen. Carl Levin [D, 1979-2014]",H.R. 803
Sen. John McCain [R],H.R. 803
"Sen. Mitch McConnell [R, 1985-2020]",H.R. 803
Sen. Barbara Mikulski [D],H.R. 803
Sen. Lisa Murkowski [R],H.R. 803
Sen. Patty Murray [D],H.R. 803
Sen. Bill Nelson [D],H.R. 803
"Sen. Mark Pryor [D, 2003-2014]",H.R. 803
"Sen. John “Jack” Reed [D, 1997-2020]",H.R. 803
Sen. Harry Reid [D],H.R. 803
"Sen. Pat Roberts [R, 1997-2020]",H.R. 803
"Sen. John “Jay” Rockefeller IV [D, 1985-2014]",H.R. 803
Sen. Charles “Chuck” Schumer [D],H.R. 803
"Sen. Jefferson “Jeff” Sessions [R, 1997-2020]",H.R. 803
Sen. Richard Shelby [R],H.R. 803
Sen. Debbie Stabenow [D],H.R. 803
Sen. Ron Wyden [D],H.R. 803
Sen. Tammy Baldwin [D],H.R. 803
Sen. Roy Blunt [R],H.R. 803
Sen. John Boozman [R],H.R. 803
Sen. Sherrod Brown [D],H.R. 803
Sen. Richard Burr [R],H.R. 803
Sen. Benjamin Cardin [D],H.R. 803
Sen. Jeff Flake [R],H.R. 803
Sen. John “Johnny” Isakson [R],H.R. 803
Sen. Mark Kirk [R],H.R. 803
"Sen. Edward “Ed” Markey [D, 2013-2020]",H.R. 803
Sen. Robert “Bob” Menéndez [D],H.R. 803
Sen. Jerry Moran [R],H.R. 803
Sen. Robert “Rob” Portman [R],H.R. 803
Sen. Bernard “Bernie” Sanders [I],H.R. 803
Sen. Patrick “Pat” Toomey [R],H.R. 803
"Sen. Mark Udall [D, 2009-2014]",H.R. 803
"Sen. Tom Udall [D, 2009-2020]",H.R. 803
Sen. David Vitter [R],H.R. 803
Sen. Roger Wicker [R],H.R. 803
Sen. John Thune [R],H.R. 803
Sen. Daniel Coats [R],H.R. 803
Sen. Christopher Murphy [D],H.R. 803
Sen. Mazie Hirono [D],H.R. 803
Sen. Joe Donnelly [D],H.R. 803
Sen. Dean Heller [R],H.R. 803
Sen. Kirsten Gillibrand [D],H.R. 803
Sen. Amy Klobuchar [D],H.R. 803
Sen. Claire McCaskill [D],H.R. 803
Sen. Jon Tester [D],H.R. 803
Sen. Robert “Bob” Casey Jr. [D],H.R. 803
Sen. Sheldon Whitehouse [D],H.R. 803
Sen. Bob Corker [R],H.R. 803
Sen. John Barrasso [R],H.R. 803
Sen. Martin Heinrich [D],H.R. 803
"Sen. Mark Warner [D, 2009-2020]",H.R. 803
"Sen. James Risch [R, 2009-2020]",H.R. 803
"Sen. Jeanne Shaheen [D, 2009-2020]",H.R. 803
"Sen. Kay Hagan [D, 2009-2014]",H.R. 803
"Sen. Jeff Merkley [D, 2009-2020]",H.R. 803
"Sen. Mark Begich [D, 2009-2014]",H.R. 803
Sen. Michael Bennet [D],H.R. 803
"Sen. Alan “Al” Franken [D, 2009-2020]",H.R. 803
"Sen. Chris Coons [D, 2010-2020]",H.R. 803
Sen. Joe Manchin III [D],H.R. 803
"Sen. Tim Scott [R, 2013-2016]",H.R. 803
Sen. Richard Blumenthal [D],H.R. 803
Sen. Marco Rubio [R],H.R. 803
Sen. Rand Paul [R],H.R. 803
Sen. Kelly Ayotte [R],H.R. 803
Sen. John Hoeven [R],H.R. 803
"Sen. Brian Schatz [D, 2012-2016]",H.R. 803
Sen. Elizabeth Warren [D],H.R. 803
Sen. Angus King [I],H.R. 803
Sen. Heidi Heitkamp [D],H.R. 803
Sen. Deb Fischer [R],H.R. 803
Sen. Ted Cruz [R],H.R. 803
Sen. Timothy Kaine [D],H.R. 803
"Sen. Cory Booker [D, 2013-2020]",H.R. 803
"Sen. John Walsh [D, 2014-2014]",H.R. 803
"Sen. Lamar Alexander [R, 2003-2020]",H.R. 3230
Sen. Barbara Boxer [D],H.R. 3230
Sen. Maria Cantwell [D],H.R. 3230
Sen. Thomas Carper [D],H.R. 3230
"Sen. Saxby Chambliss [R, 2003-2014]",H.R. 3230
"Sen. Susan Collins [R, 1997-2020]",H.R. 3230
"Sen. John Cornyn [R, 2002-2020]",H.R. 3230
Sen. Michael Crapo [R],H.R. 3230
"Sen. Richard Durbin [D, 1997-2020]",H.R. 3230
"Sen. Michael Enzi [R, 1997-2020]",H.R. 3230
Sen. Dianne Feinstein [D],H.R. 3230
"Sen. Lindsey Graham [R, 2003-2020]",H.R. 3230
Sen. Charles “Chuck” Grassley [R],H.R. 3230
"Sen. Thomas “Tom” Harkin [D, 1985-2014]",H.R. 3230
Sen. Orrin Hatch [R],H.R. 3230
"Sen. James “Jim” Inhofe [R, 1994-2020]",H.R. 3230
"Sen. Tim Johnson [D, 1997-2014]",H.R. 3230
"Sen. Mary Landrieu [D, 1997-2014]",H.R. 3230
Sen. Patrick Leahy [D],H.R. 3230
"Sen. Carl Levin [D, 1979-2014]",H.R. 3230
Sen. John McCain [R],H.R. 3230
"Sen. Mitch McConnell [R, 1985-2020]",H.R. 3230
Sen. Barbara Mikulski [D],H.R. 3230
Sen. Lisa Murkowski [R],H.R. 3230
Sen. Patty Murray [D],H.R. 3230
Sen. Bill Nelson [D],H.R. 3230
"Sen. Mark Pryor [D, 2003-2014]",H.R. 3230
"Sen. John “Jack” Reed [D, 1997-2020]",H.R. 3230
Sen. Harry Reid [D],H.R. 3230
"Sen. Pat Roberts [R, 1997-2020]",H.R. 3230
"Sen. John “Jay” Rockefeller IV [D, 1985-2014]",H.R. 3230
Sen. Charles “Chuck” Schumer [D],H.R. 3230
Sen. Richard Shelby [R],H.R. 3230
Sen. Debbie Stabenow [D],H.R. 3230
Sen. Ron Wyden [D],H.R. 3230
Sen. Tammy Baldwin [D],H.R. 3230
Sen. Roy Blunt [R],H.R. 3230
Sen. John Boozman [R],H.R. 3230
Sen. Sherrod Brown [D],H.R. 3230
Sen. Richard Burr [R],H.R. 3230
Sen. Benjamin Cardin [D],H.R. 3230
Sen. Jeff Flake [R],H.R. 3230
Sen. John “Johnny” Isakson [R],H.R. 3230
Sen. Mark Kirk [R],H.R. 3230
"Sen. Edward “Ed” Markey [D, 2013-2020]",H.R. 3230
Sen. Robert “Bob” Menéndez [D],H.R. 3230
Sen. Robert “Rob” Portman [R],H.R. 3230
Sen. Bernard “Bernie” Sanders [I],H.R. 3230
Sen. Patrick “Pat” Toomey [R],H.R. 3230
"Sen. Mark Udall [D, 2009-2014]",H.R. 3230
"Sen. Tom Udall [D, 2009-2020]",H.R. 3230
Sen. David Vitter [R],H.R. 3230
Sen. Roger Wicker [R],H.R. 3230
Sen. John Thune [R],H.R. 3230
"Sen. Thomas Coburn [R, 2005-2014]",H.R. 3230
Sen. Daniel Coats [R],H.R. 3230
Sen. Christopher Murphy [D],H.R. 3230
Sen. Mazie Hirono [D],H.R. 3230
Sen. Joe Donnelly [D],H.R. 3230
Sen. Dean Heller [R],H.R. 3230
Sen. Kirsten Gillibrand [D],H.R. 3230
Sen. Amy Klobuchar [D],H.R. 3230
Sen. Jon Tester [D],H.R. 3230
Sen. Robert “Bob” Casey Jr. [D],H.R. 3230
Sen. Sheldon Whitehouse [D],H.R. 3230
Sen. John Barrasso [R],H.R. 3230
Sen. Martin Heinrich [D],H.R. 3230
"Sen. Mike Johanns [R, 2009-2014]",H.R. 3230
"Sen. Mark Warner [D, 2009-2020]",H.R. 3230
"Sen. James Risch [R, 2009-2020]",H.R. 3230
"Sen. Jeanne Shaheen [D, 2009-2020]",H.R. 3230
"Sen. Kay Hagan [D, 2009-2014]",H.R. 3230
"Sen. Mark Begich [D, 2009-2014]",H.R. 3230
Sen. Michael Bennet [D],H.R. 3230
"Sen. Alan “Al” Franken [D, 2009-2020]",H.R. 3230
"Sen. Chris Coons [D, 2010-2020]",H.R. 3230
Sen. Joe Manchin III [D],H.R. 3230
"Sen. Tim Scott [R, 2013-2016]",H.R. 3230
Sen. Richard Blumenthal [D],H.R. 3230
Sen. Marco Rubio [R],H.R. 3230
Sen. Rand Paul [R],H.R. 3230
Sen. Kelly Ayotte [R],H.R. 3230
Sen. John Hoeven [R],H.R. 3230
Sen. Mike Lee [R],H.R. 3230
"Sen. Brian Schatz [D, 2012-2016]",H.R. 3230
Sen. Elizabeth Warren [D],H.R. 3230
Sen. Angus King [I],H.R. 3230
Sen. Heidi Heitkamp [D],H.R. 3230
Sen. Deb Fischer [R],H.R. 3230
Sen. Ted Cruz [R],H.R. 3230
Sen. Timothy Kaine [D],H.R. 3230
"Sen. Cory Booker [D, 2013-2020]",H.R. 3230
"Sen. John Walsh [D, 2014-2014]",H.R. 3230
Sen. Barbara Boxer [D],H.R. 3979
Sen. Maria Cantwell [D],H.R. 3979
Sen. Thomas Carper [D],H.R. 3979
"Sen. Susan Collins [R, 1997-2020]",H.R. 3979
"Sen. Richard Durbin [D, 1997-2020]",H.R. 3979
Sen. Dianne Feinstein [D],H.R. 3979
"Sen. Thomas “Tom” Harkin [D, 1985-2014]",H.R. 3979
"Sen. Tim Johnson [D, 1997-2014]",H.R. 3979
Sen. Patrick Leahy [D],H.R. 3979
"Sen. Carl Levin [D, 1979-2014]",H.R. 3979
Sen. Barbara Mikulski [D],H.R. 3979
Sen. Lisa Murkowski [R],H.R. 3979
Sen. Patty Murray [D],H.R. 3979
Sen. Bill Nelson [D],H.R. 3979
"Sen. Mark Pryor [D, 2003-2014]",H.R. 3979
"Sen. John “Jack” Reed [D, 1997-2020]",H.R. 3979
Sen. Harry Reid [D],H.R. 3979
"Sen. John “Jay” Rockefeller IV [D, 1985-2014]",H.R. 3979
Sen. Charles “Chuck” Schumer [D],H.R. 3979
Sen. Debbie Stabenow [D],H.R. 3979
Sen. Ron Wyden [D],H.R. 3979
Sen. Tammy Baldwin [D],H.R. 3979
Sen. Sherrod Brown [D],H.R. 3979
Sen. Benjamin Cardin [D],H.R. 3979
Sen. Mark Kirk [R],H.R. 3979
"Sen. Edward “Ed” Markey [D, 2013-2020]",H.R. 3979
Sen. Robert “Bob” Menéndez [D],H.R. 3979
Sen. Robert “Rob” Portman [R],H.R. 3979
Sen. Bernard “Bernie” Sanders [I],H.R. 3979
"Sen. Mark Udall [D, 2009-2014]",H.R. 3979
"Sen. Tom Udall [D, 2009-2020]",H.R. 3979
Sen. Christopher Murphy [D],H.R. 3979
Sen. Mazie Hirono [D],H.R. 3979
Sen. Joe Donnelly [D],H.R. 3979
Sen. Dean Heller [R],H.R. 3979
Sen. Kirsten Gillibrand [D],H.R. 3979
Sen. Amy Klobuchar [D],H.R. 3979
Sen. Jon Tester [D],H.R. 3979
Sen. Robert “Bob” Casey Jr. [D],H.R. 3979
Sen. Sheldon Whitehouse [D],H.R. 3979
Sen. Martin Heinrich [D],H.R. 3979
"Sen. Mark Warner [D, 2009-2020]",H.R. 3979
"Sen. Jeanne Shaheen [D, 2009-2020]",H.R. 3979
"Sen. Kay Hagan [D, 2009-2014]",H.R. 3979
"Sen. Jeff Merkley [D, 2009-2020]",H.R. 3979
"Sen. Mark Begich [D, 2009-2014]",H.R. 3979
Sen. Michael Bennet [D],H.R. 3979
"Sen. Alan “Al” Franken [D, 2009-2020]",H.R. 3979
"Sen. Chris Coons [D, 2010-2020]",H.R. 3979
Sen. Joe Manchin III [D],H.R. 3979
Sen. Richard Blumenthal [D],H.R. 3979
Sen. Kelly Ayotte [R],H.R. 3979
"Sen. Brian Schatz [D, 2012-2016]",H.R. 3979
Sen. Elizabeth Warren [D],H.R. 3979
Sen. Angus King [I],H.R. 3979
Sen. Heidi Heitkamp [D],H.R. 3979
Sen. Timothy Kaine [D],H.R. 3979
"Sen. Cory Booker [D, 2013-2020]",H.R. 3979
"Sen. John Walsh [D, 2014-2014]",H.R. 3979
Sen. Barbara Boxer [D],H.R. 4302
Sen. Maria Cantwell [D],H.R. 4302
"Sen. Saxby Chambliss [R, 2003-2014]",H.R. 4302
"Sen. Thad Cochran [R, 1979-2020]",H.R. 4302
"Sen. Susan Collins [R, 1997-2020]",H.R. 4302
"Sen. John Cornyn [R, 2002-2020]",H.R. 4302
"Sen. Richard Durbin [D, 1997-2020]",H.R. 4302
Sen. Dianne Feinstein [D],H.R. 4302
"Sen. Thomas “Tom” Harkin [D, 1985-2014]",H.R. 4302
Sen. Orrin Hatch [R],H.R. 4302
"Sen. Tim Johnson [D, 1997-2014]",H.R. 4302
"Sen. Mary Landrieu [D, 1997-2014]",H.R. 4302
Sen. Patrick Leahy [D],H.R. 4302
"Sen. Carl Levin [D, 1979-2014]",H.R. 4302
"Sen. Mitch McConnell [R, 1985-2020]",H.R. 4302
Sen. Barbara Mikulski [D],H.R. 4302
Sen. Lisa Murkowski [R],H.R. 4302
Sen. Patty Murray [D],H.R. 4302
Sen. Bill Nelson [D],H.R. 4302
"Sen. Mark Pryor [D, 2003-2014]",H.R. 4302
"Sen. John “Jack” Reed [D, 1997-2020]",H.R. 4302
Sen. Harry Reid [D],H.R. 4302
"Sen. John “Jay” Rockefeller IV [D, 1985-2014]",H.R. 4302
Sen. Charles “Chuck” Schumer [D],H.R. 4302
Sen. Debbie Stabenow [D],H.R. 4302
Sen. Roy Blunt [R],H.R. 4302
Sen. Sherrod Brown [D],H.R. 4302
Sen. Richard Burr [R],H.R. 4302
Sen. Benjamin Cardin [D],H.R. 4302
Sen. John “Johnny” Isakson [R],H.R. 4302
Sen. Mark Kirk [R],H.R. 4302
"Sen. Edward “Ed” Markey [D, 2013-2020]",H.R. 4302
Sen. Robert “Bob” Menéndez [D],H.R. 4302
Sen. Bernard “Bernie” Sanders [I],H.R. 4302
"Sen. Mark Udall [D, 2009-2014]",H.R. 4302
"Sen. Tom Udall [D, 2009-2020]",H.R. 4302
Sen. David Vitter [R],H.R. 4302
Sen. Roger Wicker [R],H.R. 4302
Sen. Christopher Murphy [D],H.R. 4302
Sen. Mazie Hirono [D],H.R. 4302
Sen. Joe Donnelly [D],H.R. 4302
Sen. Dean Heller [R],H.R. 4302
Sen. Kirsten Gillibrand [D],H.R. 4302
Sen. Claire McCaskill [D],H.R. 4302
Sen. Jon Tester [D],H.R. 4302
Sen. Robert “Bob” Casey Jr. [D],H.R. 4302
Sen. Sheldon Whitehouse [D],H.R. 4302
Sen. Martin Heinrich [D],H.R. 4302
"Sen. Jeanne Shaheen [D, 2009-2020]",H.R. 4302
"Sen. Kay Hagan [D, 2009-2014]",H.R. 4302
"Sen. Jeff Merkley [D, 2009-2020]",H.R. 4302
"Sen. Mark Begich [D, 2009-2014]",H.R. 4302
Sen. Michael Bennet [D],H.R. 4302
"Sen. Chris Coons [D, 2010-2020]",H.R. 4302
Sen. Joe Manchin III [D],H.R. 4302
Sen. Richard Blumenthal [D],H.R. 4302
Sen. Kelly Ayotte [R],H.R. 4302
Sen. John Hoeven [R],H.R. 4302
"Sen. Brian Schatz [D, 2012-2016]",H.R. 4302
Sen. Elizabeth Warren [D],H.R. 4302
Sen. Angus King [I],H.R. 4302
Sen. Timothy Kaine [D],H.R. 4302
"Sen. Cory Booker [D, 2013-2020]",H.R. 4302
"Sen. John Walsh [D, 2014-2014]",H.R. 4302
Sen. Maria Cantwell [D],H.R. 3370
"Sen. Saxby Chambliss [R, 2003-2014]",H.R. 3370
"Sen. Thad Cochran [R, 1979-2020]",H.R. 3370
"Sen. Susan Collins [R, 1997-2020]",H.R. 3370
"Sen. Richard Durbin [D, 1997-2020]",H.R. 3370
Sen. Dianne Feinstein [D],H.R. 3370
"Sen. Lindsey Graham [R, 2003-2020]",H.R. 3370
Sen. Charles “Chuck” Grassley [R],H.R. 3370
"Sen. Thomas “Tom” Harkin [D, 1985-2014]",H.R. 3370
"Sen. Mary Landrieu [D, 1997-2014]",H.R. 3370
Sen. Patrick Leahy [D],H.R. 3370
"Sen. Carl Levin [D, 1979-2014]",H.R. 3370
Sen. Barbara Mikulski [D],H.R. 3370
Sen. Lisa Murkowski [R],H.R. 3370
Sen. Patty Murray [D],H.R. 3370
Sen. Bill Nelson [D],H.R. 3370
"Sen. Mark Pryor [D, 2003-2014]",H.R. 3370
"Sen. John “Jack” Reed [D, 1997-2020]",H.R. 3370
Sen. Harry Reid [D],H.R. 3370
"Sen. John “Jay” Rockefeller IV [D, 1985-2014]",H.R. 3370
Sen. Charles “Chuck” Schumer [D],H.R. 3370
"Sen. Jefferson “Jeff” Sessions [R, 1997-2020]",H.R. 3370
Sen. Debbie Stabenow [D],H.R. 3370
Sen. Ron Wyden [D],H.R. 3370
Sen. Tammy Baldwin [D],H.R. 3370
Sen. Roy Blunt [R],H.R. 3370
Sen. Sherrod Brown [D],H.R. 3370
Sen. Richard Burr [R],H.R. 3370
Sen. Benjamin Cardin [D],H.R. 3370
Sen. John “Johnny” Isakson [R],H.R. 3370
Sen. Mark Kirk [R],H.R. 3370
"Sen. Edward “Ed” Markey [D, 2013-2020]",H.R. 3370
Sen. Robert “Bob” Menéndez [D],H.R. 3370
Sen. Robert “Rob” Portman [R],H.R. 3370
Sen. Bernard “Bernie” Sanders [I],H.R. 3370
Sen. Patrick “Pat” Toomey [R],H.R. 3370
"Sen. Mark Udall [D, 2009-2014]",H.R. 3370
"Sen. Tom Udall [D, 2009-2020]",H.R. 3370
Sen. David Vitter [R],H.R. 3370
Sen. Roger Wicker [R],H.R. 3370
Sen. Daniel Coats [R],H.R. 3370
Sen. Christopher Murphy [D],H.R. 3370
Sen. Mazie Hirono [D],H.R. 3370
Sen. Joe Donnelly [D],H.R. 3370
Sen. Kirsten Gillibrand [D],H.R. 3370
Sen. Amy Klobuchar [D],H.R. 3370
Sen. Jon Tester [D],H.R. 3370
Sen. Robert “Bob” Casey Jr. [D],H.R. 3370
Sen. Sheldon Whitehouse [D],H.R. 3370
Sen. Martin Heinrich [D],H.R. 3370
"Sen. Mark Warner [D, 2009-2020]",H.R. 3370
"Sen. Jeanne Shaheen [D, 2009-2020]",H.R. 3370
"Sen. Kay Hagan [D, 2009-2014]",H.R. 3370
"Sen. Jeff Merkley [D, 2009-2020]",H.R. 3370
"Sen. Mark Begich [D, 2009-2014]",H.R. 3370
Sen. Michael Bennet [D],H.R. 3370
"Sen. Alan “Al” Franken [D, 2009-2020]",H.R. 3370
"Sen. Chris Coons [D, 2010-2020]",H.R. 3370
Sen. Joe Manchin III [D],H.R. 3370
"Sen. Tim Scott [R, 2013-2016]",H.R. 3370
Sen. Richard Blumenthal [D],H.R. 3370
Sen. Marco Rubio [R],H.R. 3370
Sen. Kelly Ayotte [R],H.R. 3370
Sen. John Hoeven [R],H.R. 3370
"Sen. Brian Schatz [D, 2012-2016]",H.R. 3370
Sen. Elizabeth Warren [D],H.R. 3370
Sen. Angus King [I],H.R. 3370
Sen. Heidi Heitkamp [D],H.R. 3370
Sen. Ted Cruz [R],H.R. 3370
Sen. Timothy Kaine [D],H.R. 3370
"Sen. Cory Booker [D, 2013-2020]",H.R. 3370
"Sen. John Walsh [D, 2014-2014]",H.R. 3370
"Sen. Lamar Alexander [R, 2003-2020]",S. 1086
Sen. Barbara Boxer [D],S. 1086
Sen. Maria Cantwell [D],S. 1086
Sen. Thomas Carper [D],S. 1086
"Sen. Saxby Chambliss [R, 2003-2014]",S. 1086
"Sen. Thad Cochran [R, 1979-2020]",S. 1086
"Sen. Susan Collins [R, 1997-2020]",S. 1086
"Sen. John Cornyn [R, 2002-2020]",S. 1086
Sen. Michael Crapo [R],S. 1086
"Sen. Richard Durbin [D, 1997-2020]",S. 1086
"Sen. Michael Enzi [R, 1997-2020]",S. 1086
Sen. Dianne Feinstein [D],S. 1086
"Sen. Lindsey Graham [R, 2003-2020]",S. 1086
Sen. Charles “Chuck” Grassley [R],S. 1086
"Sen. Thomas “Tom” Harkin [D, 1985-2014]",S. 1086
Sen. Orrin Hatch [R],S. 1086
"Sen. Tim Johnson [D, 1997-2014]",S. 1086
"Sen. Mary Landrieu [D, 1997-2014]",S. 1086
Sen. Patrick Leahy [D],S. 1086
"Sen. Carl Levin [D, 1979-2014]",S. 1086
Sen. John McCain [R],S. 1086
"Sen. Mitch McConnell [R, 1985-2020]",S. 1086
Sen. Barbara Mikulski [D],S. 1086
Sen. Lisa Murkowski [R],S. 1086
Sen. Patty Murray [D],S. 1086
Sen. Bill Nelson [D],S. 1086
"Sen. Mark Pryor [D, 2003-2014]",S. 1086
"Sen. John “Jack” Reed [D, 1997-2020]",S. 1086
Sen. Harry Reid [D],S. 1086
"Sen. Pat Roberts [R, 1997-2020]",S. 1086
"Sen. John “Jay” Rockefeller IV [D, 1985-2014]",S. 1086
Sen. Charles “Chuck” Schumer [D],S. 1086
"Sen. Jefferson “Jeff” Sessions [R, 1997-2020]",S. 1086
Sen. Richard Shelby [R],S. 1086
Sen. Debbie Stabenow [D],S. 1086
Sen. Ron Wyden [D],S. 1086
Sen. Tammy Baldwin [D],S. 1086
Sen. Roy Blunt [R],S. 1086
Sen. John Boozman [R],S. 1086
Sen. Sherrod Brown [D],S. 1086
Sen. Richard Burr [R],S. 1086
Sen. Benjamin Cardin [D],S. 1086
Sen. Jeff Flake [R],S. 1086
Sen. John “Johnny” Isakson [R],S. 1086
Sen. Mark Kirk [R],S. 1086
"Sen. Edward “Ed” Markey [D, 2013-2020]",S. 1086
Sen. Robert “Bob” Menéndez [D],S. 1086
Sen. Robert “Rob” Portman [R],S. 1086
Sen. Bernard “Bernie” Sanders [I],S. 1086
Sen. Patrick “Pat” Toomey [R],S. 1086
"Sen. Mark Udall [D, 2009-2014]",S. 1086
"Sen. Tom Udall [D, 2009-2020]",S. 1086
Sen. David Vitter [R],S. 1086
Sen. Roger Wicker [R],S. 1086
Sen. John Thune [R],S. 1086
Sen. Daniel Coats [R],S. 1086
Sen. Christopher Murphy [D],S. 1086
Sen. Mazie Hirono [D],S. 1086
Sen. Joe Donnelly [D],S. 1086
Sen. Dean Heller [R],S. 1086
Sen. Kirsten Gillibrand [D],S. 1086
Sen. Amy Klobuchar [D],S. 1086
Sen. Claire McCaskill [D],S. 1086
Sen. Jon Tester [D],S. 1086
Sen. Robert “Bob” Casey Jr. [D],S. 1086
Sen. Sheldon Whitehouse [D],S. 1086
Sen. Bob Corker [R],S. 1086
Sen. John Barrasso [R],S. 1086
Sen. Martin Heinrich [D],S. 1086
"Sen. Mike Johanns [R, 2009-2014]",S. 1086
"Sen. Mark Warner [D, 2009-2020]",S. 1086
"Sen. James Risch [R, 2009-2020]",S. 1086
"Sen. Jeanne Shaheen [D, 2009-2020]",S. 1086
"Sen. Kay Hagan [D, 2009-2014]",S. 1086
"Sen. Jeff Merkley [D, 2009-2020]",S. 1086
"Sen. Mark Begich [D, 2009-2014]",S. 1086
Sen. Michael Bennet [D],S. 1086
"Sen. Alan “Al” Franken [D, 2009-2020]",S. 1086
"Sen. Chris Coons [D, 2010-2020]",S. 1086
Sen. Joe Manchin III [D],S. 1086
"Sen. Tim Scott [R, 2013-2016]",S. 1086
Sen. Richard Blumenthal [D],S. 1086
Sen. Marco Rubio [R],S. 1086
Sen. Rand Paul [R],S. 1086
Sen. Kelly Ayotte [R],S. 1086
Sen. John Hoeven [R],S. 1086
Sen. Ron Johnson [R],S. 1086
"Sen. Brian Schatz [D, 2012-2016]",S. 1086
Sen. Elizabeth Warren [D],S. 1086
Sen. Angus King [I],S. 1086
Sen. Heidi Heitkamp [D],S. 1086
Sen. Deb Fischer [R],S. 1086
Sen. Ted Cruz [R],S. 1086
Sen. Timothy Kaine [D],S. 1086
"Sen. Cory Booker [D, 2013-2020]",S. 1086
"Sen. John Walsh [D, 2014-2014]",S. 1086
"Sen. Lamar Alexander [R, 2003-2020]",S. 1917
Sen. Barbara Boxer [D],S. 1917
Sen. Maria Cantwell [D],S. 1917
Sen. Thomas Carper [D],S. 1917
"Sen. Saxby Chambliss [R, 2003-2014]",S. 1917
"Sen. Thad Cochran [R, 1979-2020]",S. 1917
"Sen. Susan Collins [R, 1997-2020]",S. 1917
"Sen. John Cornyn [R, 2002-2020]",S. 1917
Sen. Michael Crapo [R],S. 1917
"Sen. Richard Durbin [D, 1997-2020]",S. 1917
"Sen. Michael Enzi [R, 1997-2020]",S. 1917
Sen. Dianne Feinstein [D],S. 1917
"Sen. Lindsey Graham [R, 2003-2020]",S. 1917
Sen. Charles “Chuck” Grassley [R],S. 1917
Sen. Orrin Hatch [R],S. 1917
"Sen. James “Jim” Inhofe [R, 1994-2020]",S. 1917
"Sen. Tim Johnson [D, 1997-2014]",S. 1917
"Sen. Mary Landrieu [D, 1997-2014]",S. 1917
Sen. Patrick Leahy [D],S. 1917
"Sen. Carl Levin [D, 1979-2014]",S. 1917
"Sen. Mitch McConnell [R, 1985-2020]",S. 1917
Sen. Barbara Mikulski [D],S. 1917
Sen. Lisa Murkowski [R],S. 1917
Sen. Patty Murray [D],S. 1917
Sen. Bill Nelson [D],S. 1917
"Sen. Mark Pryor [D, 2003-2014]",S. 1917
"Sen. John “Jack” Reed [D, 1997-2020]",S. 1917
Sen. Harry Reid [D],S. 1917
"Sen. Pat Roberts [R, 1997-2020]",S. 1917
"Sen. John “Jay” Rockefeller IV [D, 1985-2014]",S. 1917
Sen. Charles “Chuck” Schumer [D],S. 1917
"Sen. Jefferson “Jeff” Sessions [R, 1997-2020]",S. 1917
Sen. Richard Shelby [R],S. 1917
Sen. Debbie Stabenow [D],S. 1917
Sen. Ron Wyden [D],S. 1917
Sen. Tammy Baldwin [D],S. 1917
Sen. Roy Blunt [R],S. 1917
Sen. John Boozman [R],S. 1917
Sen. Sherrod Brown [D],S. 1917
Sen. Richard Burr [R],S. 1917
Sen. Benjamin Cardin [D],S. 1917
Sen. Jeff Flake [R],S. 1917
Sen. John “Johnny” Isakson [R],S. 1917
"Sen. Edward “Ed” Markey [D, 2013-2020]",S. 1917
Sen. Robert “Bob” Menéndez [D],S. 1917
Sen. Jerry Moran [R],S. 1917
Sen. Robert “Rob” Portman [R],S. 1917
Sen. Bernard “Bernie” Sanders [I],S. 1917
Sen. Patrick “Pat” Toomey [R],S. 1917
"Sen. Mark Udall [D, 2009-2014]",S. 1917
"Sen. Tom Udall [D, 2009-2020]",S. 1917
Sen. David Vitter [R],S. 1917
Sen. Roger Wicker [R],S. 1917
Sen. John Thune [R],S. 1917
"Sen. Thomas Coburn [R, 2005-2014]",S. 1917
Sen. Daniel Coats [R],S. 1917
Sen. Christopher Murphy [D],S. 1917
Sen. Mazie Hirono [D],S. 1917
Sen. Joe Donnelly [D],S. 1917
Sen. Dean Heller [R],S. 1917
Sen. Kirsten Gillibrand [D],S. 1917
Sen. Amy Klobuchar [D],S. 1917
Sen. Claire McCaskill [D],S. 1917
Sen. Jon Tester [D],S. 1917
Sen. Robert “Bob” Casey Jr. [D],S. 1917
Sen. Sheldon Whitehouse [D],S. 1917
Sen. Bob Corker [R],S. 1917
Sen. John Barrasso [R],S. 1917
Sen. Martin Heinrich [D],S. 1917
"Sen. Mike Johanns [R, 2009-2014]",S. 1917
"Sen. Mark Warner [D, 2009-2020]",S. 1917
"Sen. James Risch [R, 2009-2020]",S. 1917
"Sen. Jeanne Shaheen [D, 2009-2020]",S. 1917
"Sen. Kay Hagan [D, 2009-2014]",S. 1917
"Sen. Jeff Merkley [D, 2009-2020]",S. 1917
"Sen. Mark Begich [D, 2009-2014]",S. 1917
Sen. Michael Bennet [D],S. 1917
"Sen. Alan “Al” Franken [D, 2009-2020]",S. 1917
"Sen. Chris Coons [D, 2010-2020]",S. 1917
Sen. Joe Manchin III [D],S. 1917
"Sen. Tim Scott [R, 2013-2016]",S. 1917
Sen. Richard Blumenthal [D],S. 1917
Sen. Marco Rubio [R],S. 1917
Sen. Rand Paul [R],S. 1917
Sen. Kelly Ayotte [R],S. 1917
Sen. John Hoeven [R],S. 1917
Sen. Mike Lee [R],S. 1917
Sen. Ron Johnson [R],S. 1917
"Sen. Brian Schatz [D, 2012-2016]",S. 1917
Sen. Elizabeth Warren [D],S. 1917
Sen. Angus King [I],S. 1917
Sen. Heidi Heitkamp [D],S. 1917
Sen. Deb Fischer [R],S. 1917
Sen. Ted Cruz [R],S. 1917
Sen. Timothy Kaine [D],S. 1917
"Sen. Cory Booker [D, 2013-2020]",S. 1917
"Sen. John Walsh [D, 2014-2014]",S. 1917
"Sen. Max Baucus [D, 1978-2014]",S. 1926
Sen. Barbara Boxer [D],S. 1926
Sen. Maria Cantwell [D],S. 1926
"Sen. Saxby Chambliss [R, 2003-2014]",S. 1926
"Sen. Thad Cochran [R, 1979-2020]",S. 1926
"Sen. Susan Collins [R, 1997-2020]",S. 1926
"Sen. Richard Durbin [D, 1997-2020]",S. 1926
Sen. Dianne Feinstein [D],S. 1926
"Sen. Lindsey Graham [R, 2003-2020]",S. 1926
"Sen. Thomas “Tom” Harkin [D, 1985-2014]",S. 1926
"Sen. Tim Johnson [D, 1997-2014]",S. 1926
"Sen. Mary Landrieu [D, 1997-2014]",S. 1926
Sen. Patrick Leahy [D],S. 1926
"Sen. Carl Levin [D, 1979-2014]",S. 1926
Sen. Barbara Mikulski [D],S. 1926
Sen. Lisa Murkowski [R],S. 1926
Sen. Patty Murray [D],S. 1926
Sen. Bill Nelson [D],S. 1926
"Sen. Mark Pryor [D, 2003-2014]",S. 1926
"Sen. John “Jack” Reed [D, 1997-2020]",S. 1926
Sen. Harry Reid [D],S. 1926
"Sen. John “Jay” Rockefeller IV [D, 1985-2014]",S. 1926
Sen. Charles “Chuck” Schumer [D],S. 1926
Sen. Debbie Stabenow [D],S. 1926
Sen. Ron Wyden [D],S. 1926
Sen. Tammy Baldwin [D],S. 1926
Sen. Roy Blunt [R],S. 1926
Sen. Richard Burr [R],S. 1926
Sen. Benjamin Cardin [D],S. 1926
Sen. John “Johnny” Isakson [R],S. 1926
"Sen. Edward “Ed” Markey [D, 2013-2020]",S. 1926
Sen. Robert “Bob” Menéndez [D],S. 1926
Sen. Bernard “Bernie” Sanders [I],S. 1926
"Sen. Mark Udall [D, 2009-2014]",S. 1926
"Sen. Tom Udall [D, 2009-2020]",S. 1926
Sen. David Vitter [R],S. 1926
Sen. Roger Wicker [R],S. 1926
Sen. Christopher Murphy [D],S. 1926
Sen. Mazie Hirono [D],S. 1926
Sen. Joe Donnelly [D],S. 1926
Sen. Kirsten Gillibrand [D],S. 1926
Sen. Amy Klobuchar [D],S. 1926
Sen. Claire McCaskill [D],S. 1926
Sen. Jon Tester [D],S. 1926
Sen. Robert “Bob” Casey Jr. [D],S. 1926
Sen. Sheldon Whitehouse [D],S. 1926
Sen. Martin Heinrich [D],S. 1926
"Sen. Mike Johanns [R, 2009-2014]",S. 1926
"Sen. Mark Warner [D, 2009-2020]",S. 1926
"Sen. Jeanne Shaheen [D, 2009-2020]",S. 1926
"Sen. Kay Hagan [D, 2009-2014]",S. 1926
"Sen. Jeff Merkley [D, 2009-2020]",S. 1926
"Sen. Mark Begich [D, 2009-2014]",S. 1926
Sen. Michael Bennet [D],S. 1926
"Sen. Alan “Al” Franken [D, 2009-2020]",S. 1926
"Sen. Chris Coons [D, 2010-2020]",S. 1926
Sen. Joe Manchin III [D],S. 1926
"Sen. Tim Scott [R, 2013-2016]",S. 1926
Sen. Richard Blumenthal [D],S. 1926
Sen. Marco Rubio [R],S. 1926
Sen. John Hoeven [R],S. 1926
"Sen. Brian Schatz [D, 2012-2016]",S. 1926
Sen. Elizabeth Warren [D],S. 1926
Sen. Angus King [I],S. 1926
Sen. Heidi Heitkamp [D],S. 1926
Sen. Timothy Kaine [D],S. 1926
"Sen. Cory Booker [D, 2013-2020]",S. 1926
